district;year construct;type;modern;HPModel;Year;QTY;totalhouses;percent of totalhouses;heatcapacity
DresdenStadt;1918;EFH;tabula_retrofit;4;7;1589;1589;1.0;10.05
DresdenStadt;1948;EFH;tabula_standard;4;8;3275;3275;1.0;21.07
DresdenStadt;1948;EFH;tabula_retrofit;4;7;1764;1764;1.0;9.41
DresdenStadt;1957;EFH;tabula_standard;4;8;310;310;1.0;21.38
DresdenStadt;1957;EFH;tabula_retrofit;4;7;167;167;1.0;9.69
DresdenStadt;1968;EFH;tabula_standard;4;8;379;379;1.0;21.54
DresdenStadt;1968;EFH;tabula_retrofit;4;7;204;204;1.0;9.69
DresdenStadt;1978;EFH;tabula_standard;4;8;344;344;1.0;12.96
DresdenStadt;1978;EFH;tabula_retrofit;4;7;185;185;1.0;5.87
DresdenStadt;1983;EFH;tabula_standard;4;8;425;425;1.0;13.21
DresdenStadt;1983;EFH;tabula_retrofit;4;6;22;22;1.0;6.13
DresdenStadt;1994;EFH;tabula_standard;4;8;1364;1364;1.0;10.16
DresdenStadt;1994;EFH;tabula_retrofit;4;7;72;72;1.0;4.63
DresdenStadt;2001;EFH;tabula_standard;4;7;2081;2081;1.0;8.08
DresdenStadt;2001;EFH;tabula_retrofit;4;7;110;110;1.0;3.64
DresdenStadt;2009;EFH;tabula_standard;4;7;2105;2105;1.0;8.08
DresdenStadt;2009;EFH;tabula_retrofit;4;6;111;111;1.0;3.68
DresdenStadt;2015;EFH;tabula_standard;4;7;701;701;1.0;8.29
DresdenStadt;2015;EFH;tabula_retrofit;4;7;37;37;1.0;3.8
DresdenStadt;1918;RH;tabula_standard;4;8;1200;1200;1.0;17.74
DresdenStadt;1918;RH;tabula_retrofit;4;7;646;646;1.0;8.17
DresdenStadt;1948;RH;tabula_standard;4;8;3388;3388;1.0;16.33
DresdenStadt;1948;RH;tabula_retrofit;4;6;1824;1824;1.0;7.6
DresdenStadt;1957;RH;tabula_standard;4;8;326;326;1.0;16.33
DresdenStadt;1957;RH;tabula_retrofit;4;6;176;176;1.0;7.67
DresdenStadt;1968;RH;tabula_standard;4;8;399;399;1.0;15.84
DresdenStadt;1968;RH;tabula_retrofit;4;6;215;215;1.0;7.48
DresdenStadt;1978;RH;tabula_standard;4;8;363;363;1.0;10.3
DresdenStadt;1978;RH;tabula_retrofit;4;6;195;195;1.0;4.81
DresdenStadt;1983;RH;tabula_standard;4;8;391;391;1.0;10.77
DresdenStadt;1983;RH;tabula_retrofit;4;7;21;21;1.0;4.85
DresdenStadt;1994;RH;tabula_standard;4;7;1281;1281;1.0;8.19
DresdenStadt;1994;RH;tabula_retrofit;4;6;67;67;1.0;3.66
DresdenStadt;2001;RH;tabula_standard;4;7;2426;2426;1.0;6.39
DresdenStadt;2001;RH;tabula_retrofit;4;6;128;128;1.0;2.83
DresdenStadt;2009;RH;tabula_standard;4;7;1133;1133;1.0;6.78
DresdenStadt;2009;RH;tabula_retrofit;4;6;60;60;1.0;3.09
DresdenStadt;2015;RH;tabula_standard;4;7;368;368;1.0;6.92
DresdenStadt;2015;RH;tabula_retrofit;4;6;19;19;1.0;3.16
DresdenStadt;1918;MFH;tabula_retrofit;4;6;2188;2188;1.0;19.41
DresdenStadt;1948;MFH;tabula_retrofit;4;7;1927;1927;1.0;17.81
DresdenStadt;1957;MFH;tabula_retrofit;4;7;334;334;1.0;18.17
DresdenStadt;1968;MFH;tabula_retrofit;4;6;408;408;1.0;18.3
DresdenStadt;1978;MFH;tabula_standard;8;8;689;689;1.0;23.17
DresdenStadt;1978;MFH;tabula_retrofit;4;6;371;371;1.0;10.73
DresdenStadt;1983;MFH;tabula_standard;8;8;438;438;1.0;25.23
DresdenStadt;1983;MFH;tabula_retrofit;4;6;23;23;1.0;11.43
DresdenStadt;1994;MFH;tabula_standard;8;8;1270;1270;1.0;22.97
DresdenStadt;1994;MFH;tabula_retrofit;4;6;67;67;1.0;10.26
DresdenStadt;2001;MFH;tabula_standard;4;7;1869;1869;1.0;16.87
DresdenStadt;2001;MFH;tabula_retrofit;4;6;98;98;1.0;7.88
DresdenStadt;2009;MFH;tabula_standard;4;6;309;309;1.0;18.3
DresdenStadt;2009;MFH;tabula_retrofit;4;6;16;16;1.0;8.2
DresdenStadt;2015;MFH;tabula_standard;4;6;462;462;1.0;19.88
DresdenStadt;2015;MFH;tabula_retrofit;4;6;24;24;1.0;9.02
DresdenStadt;1994;GMH;tabula_retrofit;8;6;28;28;1.0;28.84
DresdenStadt;2001;GMH;tabula_retrofit;4;6;30;30;1.0;15.24
DresdenStadt;2009;GMH;tabula_retrofit;8;6;3;3;1.0;24.43
DresdenStadt;2015;GMH;tabula_retrofit;8;6;5;5;1.0;26.62
Meissen;1918;EFH;tabula_retrofit;4;7;3697;3697;1.0;9.91
Meissen;1948;EFH;tabula_standard;4;8;3717;3717;1.0;20.91
Meissen;1948;EFH;tabula_retrofit;4;7;2002;2002;1.0;9.41
Meissen;1957;EFH;tabula_standard;4;8;780;780;1.0;21.38
Meissen;1957;EFH;tabula_retrofit;4;7;420;420;1.0;9.62
Meissen;1968;EFH;tabula_standard;4;8;953;953;1.0;21.54
Meissen;1968;EFH;tabula_retrofit;4;7;513;513;1.0;9.69
Meissen;1978;EFH;tabula_standard;4;8;866;866;1.0;12.87
Meissen;1978;EFH;tabula_retrofit;4;7;466;466;1.0;5.79
Meissen;1983;EFH;tabula_standard;4;8;1163;1163;1.0;13.04
Meissen;1983;EFH;tabula_retrofit;4;7;61;61;1.0;5.87
Meissen;1994;EFH;tabula_standard;4;8;3261;3261;1.0;10.1
Meissen;1994;EFH;tabula_retrofit;4;7;172;172;1.0;4.54
Meissen;2001;EFH;tabula_standard;4;7;3964;3964;1.0;8.03
Meissen;2001;EFH;tabula_retrofit;4;7;209;209;1.0;3.61
Meissen;2009;EFH;tabula_standard;4;7;2484;2484;1.0;8.08
Meissen;2009;EFH;tabula_retrofit;4;6;131;131;1.0;3.64
Meissen;2015;EFH;tabula_standard;4;7;312;312;1.0;8.13
Meissen;2015;EFH;tabula_retrofit;4;7;16;16;1.0;3.66
Meissen;1918;RH;tabula_standard;4;8;2160;2160;1.0;17.74
Meissen;1918;RH;tabula_retrofit;4;7;1163;1163;1.0;7.98
Meissen;1948;RH;tabula_standard;4;8;3034;3034;1.0;16.19
Meissen;1948;RH;tabula_retrofit;4;6;1633;1633;1.0;7.29
Meissen;1957;RH;tabula_standard;4;8;331;331;1.0;16.33
Meissen;1957;RH;tabula_retrofit;4;7;178;178;1.0;7.35
Meissen;1968;RH;tabula_standard;4;8;405;405;1.0;15.84
Meissen;1968;RH;tabula_retrofit;4;6;218;218;1.0;7.13
Meissen;1978;RH;tabula_standard;4;8;368;368;1.0;10.22
Meissen;1978;RH;tabula_retrofit;4;6;198;198;1.0;4.6
Meissen;1983;RH;tabula_standard;4;8;457;457;1.0;10.61
Meissen;1983;RH;tabula_retrofit;4;7;24;24;1.0;4.78
Meissen;1994;RH;tabula_standard;4;7;1155;1155;1.0;8.01
Meissen;1994;RH;tabula_retrofit;4;6;61;61;1.0;3.6
Meissen;2001;RH;tabula_standard;4;7;1519;1519;1.0;6.24
Meissen;2001;RH;tabula_retrofit;4;6;80;80;1.0;2.81
Meissen;2009;RH;tabula_standard;4;7;505;505;1.0;6.53
Meissen;2009;RH;tabula_retrofit;4;6;27;27;1.0;2.94
Meissen;2015;RH;tabula_standard;4;7;37;37;1.0;6.82
Meissen;2015;RH;tabula_retrofit;4;6;2;2;1.0;3.07
Meissen;1918;MFH;tabula_retrofit;4;7;1315;1315;1.0;18.53
Meissen;1948;MFH;tabula_retrofit;4;7;674;674;1.0;17.09
Meissen;1957;MFH;tabula_retrofit;4;7;254;254;1.0;18.07
Meissen;1968;MFH;tabula_retrofit;4;6;311;311;1.0;18.2
Meissen;1978;MFH;tabula_standard;8;8;525;525;1.0;22.94
Meissen;1978;MFH;tabula_retrofit;4;6;283;283;1.0;10.32
Meissen;1983;MFH;tabula_standard;8;8;221;221;1.0;25.05
Meissen;1983;MFH;tabula_retrofit;4;6;12;12;1.0;11.27
Meissen;1994;MFH;tabula_standard;8;8;616;616;1.0;22.7
Meissen;1994;MFH;tabula_retrofit;4;6;32;32;1.0;10.22
Meissen;2001;MFH;tabula_standard;4;7;788;788;1.0;16.87
Meissen;2001;MFH;tabula_retrofit;4;6;41;41;1.0;7.59
Meissen;2009;MFH;tabula_standard;4;6;144;144;1.0;18.14
Meissen;2009;MFH;tabula_retrofit;4;6;8;8;1.0;8.16
Meissen;2015;MFH;tabula_standard;4;6;14;14;1.0;19.44
Meissen;2015;MFH;tabula_retrofit;4;6;1;1;1.0;8.75
Meissen;1994;GMH;tabula_retrofit;8;6;7;7;1.0;28.8
Meissen;2001;GMH;tabula_retrofit;4;6;4;4;1.0;14.7
SaechsischeSchweiz_Osterz;1918;EFH;tabula_retrofit;4;7;3698;3698;1.0;9.91
SaechsischeSchweiz_Osterz;1948;EFH;tabula_standard;4;8;3579;3579;1.0;20.91
SaechsischeSchweiz_Osterz;1948;EFH;tabula_retrofit;4;7;1927;1927;1.0;9.41
SaechsischeSchweiz_Osterz;1957;EFH;tabula_standard;4;8;674;674;1.0;21.38
SaechsischeSchweiz_Osterz;1957;EFH;tabula_retrofit;4;7;363;363;1.0;9.62
SaechsischeSchweiz_Osterz;1968;EFH;tabula_standard;4;8;824;824;1.0;21.54
SaechsischeSchweiz_Osterz;1968;EFH;tabula_retrofit;4;7;444;444;1.0;9.69
SaechsischeSchweiz_Osterz;1978;EFH;tabula_standard;4;8;749;749;1.0;12.87
SaechsischeSchweiz_Osterz;1978;EFH;tabula_retrofit;4;7;403;403;1.0;5.79
SaechsischeSchweiz_Osterz;1983;EFH;tabula_standard;4;8;1263;1263;1.0;13.04
SaechsischeSchweiz_Osterz;1983;EFH;tabula_retrofit;4;7;66;66;1.0;5.87
SaechsischeSchweiz_Osterz;1994;EFH;tabula_standard;4;8;3409;3409;1.0;10.1
SaechsischeSchweiz_Osterz;1994;EFH;tabula_retrofit;4;7;179;179;1.0;4.54
SaechsischeSchweiz_Osterz;2001;EFH;tabula_standard;4;7;4217;4217;1.0;8.03
SaechsischeSchweiz_Osterz;2001;EFH;tabula_retrofit;4;7;222;222;1.0;3.61
SaechsischeSchweiz_Osterz;2009;EFH;tabula_standard;4;7;2572;2572;1.0;8.08
SaechsischeSchweiz_Osterz;2009;EFH;tabula_retrofit;4;6;135;135;1.0;3.64
SaechsischeSchweiz_Osterz;2015;EFH;tabula_standard;4;7;307;307;1.0;8.13
SaechsischeSchweiz_Osterz;2015;EFH;tabula_retrofit;4;7;16;16;1.0;3.66
SaechsischeSchweiz_Osterz;1918;RH;tabula_standard;4;8;2033;2033;1.0;17.74
SaechsischeSchweiz_Osterz;1918;RH;tabula_retrofit;4;7;1095;1095;1.0;7.98
SaechsischeSchweiz_Osterz;1948;RH;tabula_standard;4;8;2714;2714;1.0;16.19
SaechsischeSchweiz_Osterz;1948;RH;tabula_retrofit;4;6;1462;1462;1.0;7.29
SaechsischeSchweiz_Osterz;1957;RH;tabula_standard;4;8;287;287;1.0;16.33
SaechsischeSchweiz_Osterz;1957;RH;tabula_retrofit;4;7;155;155;1.0;7.35
SaechsischeSchweiz_Osterz;1968;RH;tabula_standard;4;8;351;351;1.0;15.84
SaechsischeSchweiz_Osterz;1968;RH;tabula_retrofit;4;6;189;189;1.0;7.13
SaechsischeSchweiz_Osterz;1978;RH;tabula_standard;4;8;319;319;1.0;10.22
SaechsischeSchweiz_Osterz;1978;RH;tabula_retrofit;4;6;172;172;1.0;4.6
SaechsischeSchweiz_Osterz;1983;RH;tabula_standard;4;8;326;326;1.0;10.61
SaechsischeSchweiz_Osterz;1983;RH;tabula_retrofit;4;7;17;17;1.0;4.78
SaechsischeSchweiz_Osterz;1994;RH;tabula_standard;4;7;1050;1050;1.0;8.01
SaechsischeSchweiz_Osterz;1994;RH;tabula_retrofit;4;6;55;55;1.0;3.6
SaechsischeSchweiz_Osterz;2001;RH;tabula_standard;4;7;1796;1796;1.0;6.24
SaechsischeSchweiz_Osterz;2001;RH;tabula_retrofit;4;6;95;95;1.0;2.81
SaechsischeSchweiz_Osterz;2009;RH;tabula_standard;4;7;498;498;1.0;6.53
SaechsischeSchweiz_Osterz;2009;RH;tabula_retrofit;4;6;26;26;1.0;2.94
SaechsischeSchweiz_Osterz;2015;RH;tabula_standard;4;7;31;31;1.0;6.82
SaechsischeSchweiz_Osterz;2015;RH;tabula_retrofit;4;6;2;2;1.0;3.07
SaechsischeSchweiz_Osterz;1918;MFH;tabula_retrofit;4;7;1479;1479;1.0;18.53
SaechsischeSchweiz_Osterz;1948;MFH;tabula_retrofit;4;7;684;684;1.0;17.09
SaechsischeSchweiz_Osterz;1957;MFH;tabula_retrofit;4;7;245;245;1.0;18.07
SaechsischeSchweiz_Osterz;1968;MFH;tabula_retrofit;4;6;300;300;1.0;18.2
SaechsischeSchweiz_Osterz;1978;MFH;tabula_standard;8;8;507;507;1.0;22.94
SaechsischeSchweiz_Osterz;1978;MFH;tabula_retrofit;4;6;273;273;1.0;10.32
SaechsischeSchweiz_Osterz;1983;MFH;tabula_standard;8;8;231;231;1.0;25.05
SaechsischeSchweiz_Osterz;1983;MFH;tabula_retrofit;4;6;12;12;1.0;11.27
SaechsischeSchweiz_Osterz;1994;MFH;tabula_standard;8;8;726;726;1.0;22.7
SaechsischeSchweiz_Osterz;1994;MFH;tabula_retrofit;4;6;38;38;1.0;10.22
SaechsischeSchweiz_Osterz;2001;MFH;tabula_standard;4;7;925;925;1.0;16.87
SaechsischeSchweiz_Osterz;2001;MFH;tabula_retrofit;4;6;49;49;1.0;7.59
SaechsischeSchweiz_Osterz;2009;MFH;tabula_standard;4;6;165;165;1.0;18.14
SaechsischeSchweiz_Osterz;2009;MFH;tabula_retrofit;4;6;9;9;1.0;8.16
SaechsischeSchweiz_Osterz;2015;MFH;tabula_standard;4;6;24;24;1.0;19.44
SaechsischeSchweiz_Osterz;2015;MFH;tabula_retrofit;4;6;1;1;1.0;8.75
SaechsischeSchweiz_Osterz;1994;GMH;tabula_retrofit;8;6;7;7;1.0;28.8
SaechsischeSchweiz_Osterz;2001;GMH;tabula_retrofit;4;6;5;5;1.0;14.7
BautzenLand;1918;EFH;tabula_retrofit;4;7;4436;4436;1.0;9.91
BautzenLand;1948;EFH;tabula_standard;4;8;6627;6627;1.0;20.91
BautzenLand;1948;EFH;tabula_retrofit;4;7;3568;3568;1.0;9.41
BautzenLand;1957;EFH;tabula_standard;4;8;1356;1356;1.0;21.38
BautzenLand;1957;EFH;tabula_retrofit;4;7;730;730;1.0;9.62
BautzenLand;1968;EFH;tabula_standard;4;8;1658;1658;1.0;21.54
BautzenLand;1968;EFH;tabula_retrofit;4;7;893;893;1.0;9.69
BautzenLand;1978;EFH;tabula_standard;4;8;1507;1507;1.0;12.87
BautzenLand;1978;EFH;tabula_retrofit;4;7;811;811;1.0;5.79
BautzenLand;1983;EFH;tabula_standard;4;8;2115;2115;1.0;13.04
BautzenLand;1983;EFH;tabula_retrofit;4;7;111;111;1.0;5.87
BautzenLand;1994;EFH;tabula_standard;4;8;5866;5866;1.0;10.1
BautzenLand;1994;EFH;tabula_retrofit;4;7;309;309;1.0;4.54
BautzenLand;2001;EFH;tabula_standard;4;7;3305;6059;0.5454695494305991;8.03
BautzenLand;2001;EFH;tabula_standard;4;8;2754;6059;0.4545304505694009;8.03
BautzenLand;2001;EFH;tabula_retrofit;4;7;319;319;1.0;3.61
BautzenLand;2009;EFH;tabula_standard;4;7;2983;2983;1.0;8.08
BautzenLand;2009;EFH;tabula_retrofit;4;6;157;157;1.0;3.64
BautzenLand;2015;EFH;tabula_standard;4;7;364;364;1.0;8.13
BautzenLand;2015;EFH;tabula_retrofit;4;7;19;19;1.0;3.66
BautzenLand;1918;RH;tabula_standard;4;8;2518;2518;1.0;17.74
BautzenLand;1918;RH;tabula_retrofit;4;7;1356;1356;1.0;7.98
BautzenLand;1948;RH;tabula_standard;4;8;3601;3601;1.0;16.19
BautzenLand;1948;RH;tabula_retrofit;4;6;1939;1939;1.0;7.29
BautzenLand;1957;RH;tabula_standard;4;8;418;418;1.0;16.33
BautzenLand;1957;RH;tabula_retrofit;4;7;225;225;1.0;7.35
BautzenLand;1968;RH;tabula_standard;4;8;510;510;1.0;15.84
BautzenLand;1968;RH;tabula_retrofit;4;6;275;275;1.0;7.13
BautzenLand;1978;RH;tabula_standard;4;8;464;464;1.0;10.22
BautzenLand;1978;RH;tabula_retrofit;4;6;250;250;1.0;4.6
BautzenLand;1983;RH;tabula_standard;4;8;512;512;1.0;10.61
BautzenLand;1983;RH;tabula_retrofit;4;7;27;27;1.0;4.78
BautzenLand;1994;RH;tabula_standard;4;7;1650;1650;1.0;8.01
BautzenLand;1994;RH;tabula_retrofit;4;6;87;87;1.0;3.6
BautzenLand;2001;RH;tabula_standard;4;7;1727;1727;1.0;6.24
BautzenLand;2001;RH;tabula_retrofit;4;6;91;91;1.0;2.81
BautzenLand;2009;RH;tabula_standard;4;7;500;500;1.0;6.53
BautzenLand;2009;RH;tabula_retrofit;4;6;26;26;1.0;2.94
BautzenLand;2015;RH;tabula_standard;4;7;48;48;1.0;6.82
BautzenLand;2015;RH;tabula_retrofit;4;6;3;3;1.0;3.07
BautzenLand;1918;MFH;tabula_retrofit;4;7;984;984;1.0;18.53
BautzenLand;1948;MFH;tabula_retrofit;4;7;616;616;1.0;17.09
BautzenLand;1957;MFH;tabula_retrofit;4;7;376;376;1.0;18.07
BautzenLand;1968;MFH;tabula_retrofit;4;6;460;460;1.0;18.2
BautzenLand;1978;MFH;tabula_standard;8;8;776;776;1.0;22.94
BautzenLand;1978;MFH;tabula_retrofit;4;6;418;418;1.0;10.32
BautzenLand;1983;MFH;tabula_standard;8;8;302;302;1.0;25.05
BautzenLand;1983;MFH;tabula_retrofit;4;6;16;16;1.0;11.27
BautzenLand;1994;MFH;tabula_standard;8;8;894;894;1.0;22.7
BautzenLand;1994;MFH;tabula_retrofit;4;6;47;47;1.0;10.22
BautzenLand;2001;MFH;tabula_standard;4;7;644;644;1.0;16.87
BautzenLand;2001;MFH;tabula_retrofit;4;6;34;34;1.0;7.59
BautzenLand;2009;MFH;tabula_standard;4;6;142;142;1.0;18.14
BautzenLand;2009;MFH;tabula_retrofit;4;6;7;7;1.0;8.16
BautzenLand;2015;MFH;tabula_standard;4;6;15;15;1.0;19.44
BautzenLand;2015;MFH;tabula_retrofit;4;6;1;1;1.0;8.75
BautzenLand;1994;GMH;tabula_retrofit;8;6;6;6;1.0;28.8
BautzenLand;2001;GMH;tabula_retrofit;4;6;3;3;1.0;14.7
GoerlitzLand;1918;EFH;tabula_retrofit;4;7;4950;4950;1.0;9.91
GoerlitzLand;1948;EFH;tabula_standard;4;8;5193;5193;1.0;20.91
GoerlitzLand;1948;EFH;tabula_retrofit;4;7;2796;2796;1.0;9.41
GoerlitzLand;1957;EFH;tabula_standard;4;8;1187;1187;1.0;21.38
GoerlitzLand;1957;EFH;tabula_retrofit;4;7;639;639;1.0;9.62
GoerlitzLand;1968;EFH;tabula_standard;4;8;1451;1451;1.0;21.54
GoerlitzLand;1968;EFH;tabula_retrofit;4;7;781;781;1.0;9.69
GoerlitzLand;1978;EFH;tabula_standard;4;8;1319;1319;1.0;12.87
GoerlitzLand;1978;EFH;tabula_retrofit;4;7;710;710;1.0;5.79
GoerlitzLand;1983;EFH;tabula_standard;4;8;1836;1836;1.0;13.04
GoerlitzLand;1983;EFH;tabula_retrofit;4;7;97;97;1.0;5.87
GoerlitzLand;1994;EFH;tabula_standard;4;8;4791;4791;1.0;10.1
GoerlitzLand;1994;EFH;tabula_retrofit;4;7;252;252;1.0;4.54
GoerlitzLand;2001;EFH;tabula_standard;4;8;4380;4380;1.0;8.03
GoerlitzLand;2001;EFH;tabula_retrofit;4;7;231;231;1.0;3.61
GoerlitzLand;2009;EFH;tabula_standard;4;7;1586;1586;1.0;8.08
GoerlitzLand;2009;EFH;tabula_retrofit;4;6;83;83;1.0;3.64
GoerlitzLand;2015;EFH;tabula_standard;4;7;193;193;1.0;8.13
GoerlitzLand;2015;EFH;tabula_retrofit;4;7;10;10;1.0;3.66
GoerlitzLand;1918;RH;tabula_standard;4;8;1770;1770;1.0;17.74
GoerlitzLand;1918;RH;tabula_retrofit;4;7;953;953;1.0;7.98
GoerlitzLand;1948;RH;tabula_standard;4;8;2577;2577;1.0;16.19
GoerlitzLand;1948;RH;tabula_retrofit;4;6;1388;1388;1.0;7.29
GoerlitzLand;1957;RH;tabula_standard;4;8;447;447;1.0;16.33
GoerlitzLand;1957;RH;tabula_retrofit;4;7;241;241;1.0;7.35
GoerlitzLand;1968;RH;tabula_standard;4;8;546;546;1.0;15.84
GoerlitzLand;1968;RH;tabula_retrofit;4;6;294;294;1.0;7.13
GoerlitzLand;1978;RH;tabula_standard;4;8;496;496;1.0;10.22
GoerlitzLand;1978;RH;tabula_retrofit;4;6;267;267;1.0;4.6
GoerlitzLand;1983;RH;tabula_standard;4;8;487;487;1.0;10.61
GoerlitzLand;1983;RH;tabula_retrofit;4;7;26;26;1.0;4.78
GoerlitzLand;1994;RH;tabula_standard;4;7;1152;1152;1.0;8.01
GoerlitzLand;1994;RH;tabula_retrofit;4;6;61;61;1.0;3.6
GoerlitzLand;2001;RH;tabula_standard;4;7;799;799;1.0;6.24
GoerlitzLand;2001;RH;tabula_retrofit;4;6;42;42;1.0;2.81
GoerlitzLand;2009;RH;tabula_standard;4;7;261;261;1.0;6.53
GoerlitzLand;2009;RH;tabula_retrofit;4;6;14;14;1.0;2.94
GoerlitzLand;2015;RH;tabula_standard;4;7;20;20;1.0;6.82
GoerlitzLand;2015;RH;tabula_retrofit;4;6;1;1;1.0;3.07
GoerlitzLand;1918;MFH;tabula_retrofit;4;7;1522;1522;1.0;18.53
GoerlitzLand;1948;MFH;tabula_retrofit;4;7;630;630;1.0;17.09
GoerlitzLand;1957;MFH;tabula_retrofit;4;7;275;275;1.0;18.07
GoerlitzLand;1968;MFH;tabula_retrofit;4;6;336;336;1.0;18.2
GoerlitzLand;1978;MFH;tabula_standard;8;8;567;567;1.0;22.94
GoerlitzLand;1978;MFH;tabula_retrofit;4;6;305;305;1.0;10.32
GoerlitzLand;1983;MFH;tabula_standard;8;8;579;579;1.0;25.05
GoerlitzLand;1983;MFH;tabula_retrofit;4;6;30;30;1.0;11.27
GoerlitzLand;1994;MFH;tabula_standard;8;8;756;756;1.0;22.7
GoerlitzLand;1994;MFH;tabula_retrofit;4;6;40;40;1.0;10.22
GoerlitzLand;2001;MFH;tabula_standard;4;7;500;500;1.0;16.87
GoerlitzLand;2001;MFH;tabula_retrofit;4;6;26;26;1.0;7.59
GoerlitzLand;2009;MFH;tabula_standard;4;6;114;114;1.0;18.14
GoerlitzLand;2009;MFH;tabula_retrofit;4;6;6;6;1.0;8.16
GoerlitzLand;2015;MFH;tabula_standard;4;6;8;8;1.0;19.44
GoerlitzLand;1994;GMH;tabula_retrofit;8;6;6;6;1.0;28.8
GoerlitzLand;2001;GMH;tabula_retrofit;4;6;1;1;1.0;14.7
CottbusStadt;1918;EFH;tabula_retrofit;4;7;272;272;1.0;9.91
CottbusStadt;1948;EFH;tabula_standard;4;8;1086;1086;1.0;20.91
CottbusStadt;1948;EFH;tabula_retrofit;4;7;585;585;1.0;9.41
CottbusStadt;1957;EFH;tabula_standard;4;8;174;174;1.0;21.38
CottbusStadt;1957;EFH;tabula_retrofit;4;7;94;94;1.0;9.62
CottbusStadt;1968;EFH;tabula_standard;4;8;212;212;1.0;21.54
CottbusStadt;1968;EFH;tabula_retrofit;4;7;114;114;1.0;9.69
CottbusStadt;1978;EFH;tabula_standard;4;8;193;193;1.0;12.87
CottbusStadt;1978;EFH;tabula_retrofit;4;7;104;104;1.0;5.79
CottbusStadt;1983;EFH;tabula_standard;4;8;257;257;1.0;13.04
CottbusStadt;1983;EFH;tabula_retrofit;4;7;14;14;1.0;5.87
CottbusStadt;1994;EFH;tabula_standard;4;8;944;944;1.0;10.1
CottbusStadt;1994;EFH;tabula_retrofit;4;7;50;50;1.0;4.54
CottbusStadt;2001;EFH;tabula_standard;4;8;1664;1664;1.0;8.03
CottbusStadt;2001;EFH;tabula_retrofit;4;7;88;88;1.0;3.61
CottbusStadt;2009;EFH;tabula_standard;4;7;1115;1115;1.0;8.08
CottbusStadt;2009;EFH;tabula_retrofit;4;6;59;59;1.0;3.64
CottbusStadt;2015;EFH;tabula_standard;4;7;268;268;1.0;8.13
CottbusStadt;2015;EFH;tabula_retrofit;4;7;14;14;1.0;3.66
CottbusStadt;1918;RH;tabula_standard;4;8;159;159;1.0;17.74
CottbusStadt;1918;RH;tabula_retrofit;4;7;85;85;1.0;7.98
CottbusStadt;1948;RH;tabula_standard;4;8;546;546;1.0;16.19
CottbusStadt;1948;RH;tabula_retrofit;4;6;294;294;1.0;7.29
CottbusStadt;1957;RH;tabula_standard;4;8;161;161;1.0;16.33
CottbusStadt;1957;RH;tabula_retrofit;4;7;87;87;1.0;7.35
CottbusStadt;1968;RH;tabula_standard;4;8;197;197;1.0;15.84
CottbusStadt;1968;RH;tabula_retrofit;4;6;106;106;1.0;7.13
CottbusStadt;1978;RH;tabula_standard;4;8;179;179;1.0;10.22
CottbusStadt;1978;RH;tabula_retrofit;4;6;96;96;1.0;4.6
CottbusStadt;1983;RH;tabula_standard;4;8;133;133;1.0;10.61
CottbusStadt;1983;RH;tabula_retrofit;4;7;7;7;1.0;4.78
CottbusStadt;1994;RH;tabula_standard;4;7;520;520;1.0;8.01
CottbusStadt;1994;RH;tabula_retrofit;4;6;27;27;1.0;3.6
CottbusStadt;2001;RH;tabula_standard;4;7;620;620;1.0;6.24
CottbusStadt;2001;RH;tabula_retrofit;4;6;33;33;1.0;2.81
CottbusStadt;2009;RH;tabula_standard;4;7;197;197;1.0;6.53
CottbusStadt;2009;RH;tabula_retrofit;4;6;10;10;1.0;2.94
CottbusStadt;2015;RH;tabula_standard;4;7;78;78;1.0;6.82
CottbusStadt;2015;RH;tabula_retrofit;4;6;4;4;1.0;3.07
CottbusStadt;1918;MFH;tabula_retrofit;4;7;202;202;1.0;18.53
CottbusStadt;1948;MFH;tabula_retrofit;4;7;163;163;1.0;17.09
CottbusStadt;1957;MFH;tabula_retrofit;4;7;141;141;1.0;18.07
CottbusStadt;1968;MFH;tabula_retrofit;4;6;172;172;1.0;18.2
CottbusStadt;1978;MFH;tabula_standard;8;8;290;290;1.0;22.94
CottbusStadt;1978;MFH;tabula_retrofit;4;6;156;156;1.0;10.32
CottbusStadt;1983;MFH;tabula_standard;8;8;117;117;1.0;25.05
CottbusStadt;1983;MFH;tabula_retrofit;4;6;6;6;1.0;11.27
CottbusStadt;1994;MFH;tabula_standard;8;8;242;242;1.0;22.7
CottbusStadt;1994;MFH;tabula_retrofit;4;6;13;13;1.0;10.22
CottbusStadt;2001;MFH;tabula_standard;4;7;209;209;1.0;16.87
CottbusStadt;2001;MFH;tabula_retrofit;4;6;11;11;1.0;7.59
CottbusStadt;2009;MFH;tabula_standard;4;6;80;80;1.0;18.14
CottbusStadt;2009;MFH;tabula_retrofit;4;6;4;4;1.0;8.16
CottbusStadt;2015;MFH;tabula_standard;4;6;68;68;1.0;19.44
CottbusStadt;2015;MFH;tabula_retrofit;4;6;4;4;1.0;8.75
CottbusStadt;1994;GMH;tabula_retrofit;8;6;4;4;1.0;28.8
CottbusStadt;2001;GMH;tabula_retrofit;4;6;1;1;1.0;14.7
LeipzigStadt;1918;EFH;tabula_retrofit;4;7;504;504;1.0;10.12
LeipzigStadt;1948;EFH;tabula_standard;4;8;2553;2553;1.0;21.07
LeipzigStadt;1948;EFH;tabula_retrofit;4;7;1375;1375;1.0;9.55
LeipzigStadt;1957;EFH;tabula_standard;4;8;328;328;1.0;21.38
LeipzigStadt;1957;EFH;tabula_retrofit;4;7;176;176;1.0;9.77
LeipzigStadt;1968;EFH;tabula_standard;4;8;401;401;1.0;21.69
LeipzigStadt;1968;EFH;tabula_retrofit;4;7;216;216;1.0;9.69
LeipzigStadt;1978;EFH;tabula_standard;4;8;364;364;1.0;12.96
LeipzigStadt;1978;EFH;tabula_retrofit;4;7;196;196;1.0;5.91
LeipzigStadt;1983;EFH;tabula_standard;4;8;458;458;1.0;13.13
LeipzigStadt;1983;EFH;tabula_retrofit;4;6;24;24;1.0;6.06
LeipzigStadt;1994;EFH;tabula_standard;4;8;1452;1452;1.0;10.1
LeipzigStadt;1994;EFH;tabula_retrofit;4;7;76;76;1.0;4.66
LeipzigStadt;2001;EFH;tabula_standard;4;7;2508;2508;1.0;8.03
LeipzigStadt;2001;EFH;tabula_retrofit;4;7;132;132;1.0;3.75
LeipzigStadt;2009;EFH;tabula_standard;4;7;2652;2652;1.0;8.13
LeipzigStadt;2009;EFH;tabula_retrofit;4;6;140;140;1.0;3.75
LeipzigStadt;2015;EFH;tabula_standard;4;7;643;643;1.0;8.34
LeipzigStadt;2015;EFH;tabula_retrofit;4;6;34;34;1.0;3.83
LeipzigStadt;1918;RH;tabula_standard;4;8;1193;1193;1.0;17.88
LeipzigStadt;1918;RH;tabula_retrofit;4;7;642;642;1.0;7.98
LeipzigStadt;1948;RH;tabula_standard;4;8;5079;5079;1.0;16.33
LeipzigStadt;1948;RH;tabula_retrofit;4;6;2735;2735;1.0;7.35
LeipzigStadt;1957;RH;tabula_standard;4;8;283;283;1.0;16.47
LeipzigStadt;1957;RH;tabula_retrofit;4;6;153;153;1.0;7.67
LeipzigStadt;1968;RH;tabula_standard;4;8;346;346;1.0;16.1
LeipzigStadt;1968;RH;tabula_retrofit;4;6;186;186;1.0;7.42
LeipzigStadt;1978;RH;tabula_standard;4;8;315;315;1.0;10.3
LeipzigStadt;1978;RH;tabula_retrofit;4;6;170;170;1.0;4.88
LeipzigStadt;1983;RH;tabula_standard;4;8;393;393;1.0;10.77
LeipzigStadt;1983;RH;tabula_retrofit;4;7;21;21;1.0;4.92
LeipzigStadt;1994;RH;tabula_standard;4;7;1017;1017;1.0;8.07
LeipzigStadt;1994;RH;tabula_retrofit;4;6;54;54;1.0;3.83
LeipzigStadt;2001;RH;tabula_standard;4;7;3091;3091;1.0;6.29
LeipzigStadt;2001;RH;tabula_retrofit;4;6;163;163;1.0;2.94
LeipzigStadt;2009;RH;tabula_standard;4;7;1240;1240;1.0;6.78
LeipzigStadt;2009;RH;tabula_retrofit;4;6;65;65;1.0;3.14
LeipzigStadt;2015;RH;tabula_standard;4;6;443;443;1.0;7.16
LeipzigStadt;2015;RH;tabula_retrofit;4;6;23;23;1.0;3.09
LeipzigStadt;1918;MFH;tabula_retrofit;4;6;1386;2800;0.495;18.84
LeipzigStadt;1918;MFH;tabula_retrofit;4;7;1414;2800;0.505;18.84
LeipzigStadt;1948;MFH;tabula_retrofit;4;7;1696;1696;1.0;17.19
LeipzigStadt;1957;MFH;tabula_retrofit;4;6;336;336;1.0;18.64
LeipzigStadt;1968;MFH;tabula_retrofit;4;6;410;410;1.0;18.91
LeipzigStadt;1978;MFH;tabula_standard;8;8;693;693;1.0;23.22
LeipzigStadt;1978;MFH;tabula_retrofit;4;6;373;373;1.0;10.4
LeipzigStadt;1983;MFH;tabula_standard;8;8;538;538;1.0;25.4
LeipzigStadt;1983;MFH;tabula_retrofit;4;6;28;28;1.0;11.84
LeipzigStadt;1994;MFH;tabula_standard;8;8;1505;1505;1.0;22.86
LeipzigStadt;1994;MFH;tabula_retrofit;4;6;79;79;1.0;10.45
LeipzigStadt;2001;MFH;tabula_standard;4;7;1456;1456;1.0;16.99
LeipzigStadt;2001;MFH;tabula_retrofit;4;6;77;77;1.0;8.14
LeipzigStadt;2009;MFH;tabula_standard;4;6;291;291;1.0;18.97
LeipzigStadt;2009;MFH;tabula_retrofit;4;6;15;15;1.0;8.66
LeipzigStadt;2015;MFH;tabula_standard;4;6;442;442;1.0;20.28
LeipzigStadt;2015;MFH;tabula_retrofit;4;6;23;23;1.0;9.91
LeipzigStadt;1994;GMH;tabula_retrofit;8;6;34;34;1.0;29.39
LeipzigStadt;2001;GMH;tabula_retrofit;4;6;38;38;1.0;15.74
LeipzigStadt;2009;GMH;tabula_retrofit;8;6;4;4;1.0;25.75
LeipzigStadt;2015;GMH;tabula_retrofit;8;6;6;6;1.0;29.28
LeipzigLand;1918;EFH;tabula_retrofit;4;7;3415;3415;1.0;9.91
LeipzigLand;1948;EFH;tabula_standard;4;8;4243;4243;1.0;20.91
LeipzigLand;1948;EFH;tabula_retrofit;4;7;2285;2285;1.0;9.41
LeipzigLand;1957;EFH;tabula_standard;4;8;1000;1000;1.0;21.38
LeipzigLand;1957;EFH;tabula_retrofit;4;7;538;538;1.0;9.62
LeipzigLand;1968;EFH;tabula_standard;4;8;1222;1222;1.0;21.54
LeipzigLand;1968;EFH;tabula_retrofit;4;7;658;658;1.0;9.69
LeipzigLand;1978;EFH;tabula_standard;4;8;1111;1111;1.0;12.87
LeipzigLand;1978;EFH;tabula_retrofit;4;7;598;598;1.0;5.79
LeipzigLand;1983;EFH;tabula_standard;4;8;1599;1599;1.0;13.04
LeipzigLand;1983;EFH;tabula_retrofit;4;7;84;84;1.0;5.87
LeipzigLand;1994;EFH;tabula_standard;4;8;4704;4704;1.0;10.1
LeipzigLand;1994;EFH;tabula_retrofit;4;7;248;248;1.0;4.54
LeipzigLand;2001;EFH;tabula_standard;4;7;6129;6129;1.0;8.03
LeipzigLand;2001;EFH;tabula_retrofit;4;7;323;323;1.0;3.61
LeipzigLand;2009;EFH;tabula_standard;4;7;3464;3464;1.0;8.08
LeipzigLand;2009;EFH;tabula_retrofit;4;6;182;182;1.0;3.64
LeipzigLand;2015;EFH;tabula_standard;4;7;606;606;1.0;8.13
LeipzigLand;2015;EFH;tabula_retrofit;4;7;32;32;1.0;3.66
LeipzigLand;1918;RH;tabula_standard;4;8;2932;2932;1.0;17.74
LeipzigLand;1918;RH;tabula_retrofit;4;7;1579;1579;1.0;7.98
LeipzigLand;1948;RH;tabula_standard;4;8;3487;3487;1.0;16.19
LeipzigLand;1948;RH;tabula_retrofit;4;6;1878;1878;1.0;7.29
LeipzigLand;1957;RH;tabula_standard;4;8;475;475;1.0;16.33
LeipzigLand;1957;RH;tabula_retrofit;4;6;256;256;1.0;7.35
LeipzigLand;1968;RH;tabula_standard;4;8;581;581;1.0;15.84
LeipzigLand;1968;RH;tabula_retrofit;4;6;313;313;1.0;7.13
LeipzigLand;1978;RH;tabula_standard;4;8;528;528;1.0;10.22
LeipzigLand;1978;RH;tabula_retrofit;4;6;284;284;1.0;4.6
LeipzigLand;1983;RH;tabula_standard;4;8;532;532;1.0;10.61
LeipzigLand;1983;RH;tabula_retrofit;4;7;28;28;1.0;4.78
LeipzigLand;1994;RH;tabula_standard;4;7;1751;1751;1.0;8.01
LeipzigLand;1994;RH;tabula_retrofit;4;6;92;92;1.0;3.6
LeipzigLand;2001;RH;tabula_standard;4;7;2245;2245;1.0;6.24
LeipzigLand;2001;RH;tabula_retrofit;4;6;118;118;1.0;2.81
LeipzigLand;2009;RH;tabula_standard;4;7;571;571;1.0;6.53
LeipzigLand;2009;RH;tabula_retrofit;4;6;30;30;1.0;2.94
LeipzigLand;2015;RH;tabula_standard;4;7;120;120;1.0;6.82
LeipzigLand;2015;RH;tabula_retrofit;4;6;6;6;1.0;3.07
LeipzigLand;1918;MFH;tabula_retrofit;4;7;1024;1024;1.0;18.53
LeipzigLand;1948;MFH;tabula_retrofit;4;7;722;722;1.0;17.09
LeipzigLand;1957;MFH;tabula_retrofit;4;7;311;311;1.0;18.07
LeipzigLand;1968;MFH;tabula_retrofit;4;6;380;380;1.0;18.2
LeipzigLand;1978;MFH;tabula_standard;8;8;642;642;1.0;22.94
LeipzigLand;1978;MFH;tabula_retrofit;4;6;346;346;1.0;10.32
LeipzigLand;1983;MFH;tabula_standard;8;8;273;273;1.0;25.05
LeipzigLand;1983;MFH;tabula_retrofit;4;6;14;14;1.0;11.27
LeipzigLand;1994;MFH;tabula_standard;8;8;865;865;1.0;22.7
LeipzigLand;1994;MFH;tabula_retrofit;4;6;46;46;1.0;10.22
LeipzigLand;2001;MFH;tabula_standard;4;7;920;920;1.0;16.87
LeipzigLand;2001;MFH;tabula_retrofit;4;6;48;48;1.0;7.59
LeipzigLand;2009;MFH;tabula_standard;4;6;151;151;1.0;18.14
LeipzigLand;2009;MFH;tabula_retrofit;4;6;8;8;1.0;8.16
LeipzigLand;2015;MFH;tabula_standard;4;6;72;72;1.0;19.44
LeipzigLand;2015;MFH;tabula_retrofit;4;6;4;4;1.0;8.75
LeipzigLand;1994;GMH;tabula_retrofit;8;6;4;4;1.0;28.8
LeipzigLand;2001;GMH;tabula_retrofit;4;6;4;4;1.0;14.7
NordsachsenLand;1918;EFH;tabula_retrofit;4;7;2684;2684;1.0;9.91
NordsachsenLand;1948;EFH;tabula_standard;4;8;3306;3306;1.0;20.91
NordsachsenLand;1948;EFH;tabula_retrofit;4;7;1780;1780;1.0;9.41
NordsachsenLand;1957;EFH;tabula_standard;4;8;1035;1035;1.0;21.38
NordsachsenLand;1957;EFH;tabula_retrofit;4;7;557;557;1.0;9.62
NordsachsenLand;1968;EFH;tabula_standard;4;8;1265;1265;1.0;21.54
NordsachsenLand;1968;EFH;tabula_retrofit;4;7;681;681;1.0;9.69
NordsachsenLand;1978;EFH;tabula_standard;4;8;1150;1150;1.0;12.87
NordsachsenLand;1978;EFH;tabula_retrofit;4;7;619;619;1.0;5.79
NordsachsenLand;1983;EFH;tabula_standard;4;8;1476;1476;1.0;13.04
NordsachsenLand;1983;EFH;tabula_retrofit;4;7;78;78;1.0;5.87
NordsachsenLand;1994;EFH;tabula_standard;4;8;4028;4028;1.0;10.1
NordsachsenLand;1994;EFH;tabula_retrofit;4;7;212;212;1.0;4.54
NordsachsenLand;2001;EFH;tabula_standard;4;7;4358;4358;1.0;8.03
NordsachsenLand;2001;EFH;tabula_retrofit;4;7;229;229;1.0;3.61
NordsachsenLand;2009;EFH;tabula_standard;4;7;2220;2220;1.0;8.08
NordsachsenLand;2009;EFH;tabula_retrofit;4;6;117;117;1.0;3.64
NordsachsenLand;2015;EFH;tabula_standard;4;7;237;237;1.0;8.13
NordsachsenLand;2015;EFH;tabula_retrofit;4;7;12;12;1.0;3.66
NordsachsenLand;1918;RH;tabula_standard;4;8;2085;2085;1.0;17.74
NordsachsenLand;1918;RH;tabula_retrofit;4;7;1123;1123;1.0;7.98
NordsachsenLand;1948;RH;tabula_standard;4;8;2757;2757;1.0;16.19
NordsachsenLand;1948;RH;tabula_retrofit;4;6;1485;1485;1.0;7.29
NordsachsenLand;1957;RH;tabula_standard;4;8;437;437;1.0;16.33
NordsachsenLand;1957;RH;tabula_retrofit;4;6;235;235;1.0;7.35
NordsachsenLand;1968;RH;tabula_standard;4;8;534;534;1.0;15.84
NordsachsenLand;1968;RH;tabula_retrofit;4;6;288;288;1.0;7.13
NordsachsenLand;1978;RH;tabula_standard;4;8;485;485;1.0;10.22
NordsachsenLand;1978;RH;tabula_retrofit;4;6;261;261;1.0;4.6
NordsachsenLand;1983;RH;tabula_standard;4;8;517;517;1.0;10.61
NordsachsenLand;1983;RH;tabula_retrofit;4;7;27;27;1.0;4.78
NordsachsenLand;1994;RH;tabula_standard;4;7;1175;1175;1.0;8.01
NordsachsenLand;1994;RH;tabula_retrofit;4;6;62;62;1.0;3.6
NordsachsenLand;2001;RH;tabula_standard;4;7;1503;1503;1.0;6.24
NordsachsenLand;2001;RH;tabula_retrofit;4;6;79;79;1.0;2.81
NordsachsenLand;2009;RH;tabula_standard;4;7;453;453;1.0;6.53
NordsachsenLand;2009;RH;tabula_retrofit;4;6;24;24;1.0;2.94
NordsachsenLand;2015;RH;tabula_standard;4;7;26;26;1.0;6.82
NordsachsenLand;2015;RH;tabula_retrofit;4;6;1;1;1.0;3.07
NordsachsenLand;1918;MFH;tabula_retrofit;4;7;621;621;1.0;18.53
NordsachsenLand;1948;MFH;tabula_retrofit;4;7;516;516;1.0;17.09
NordsachsenLand;1957;MFH;tabula_retrofit;4;7;193;193;1.0;18.07
NordsachsenLand;1968;MFH;tabula_retrofit;4;6;236;236;1.0;18.2
NordsachsenLand;1978;MFH;tabula_standard;8;8;398;398;1.0;22.94
NordsachsenLand;1978;MFH;tabula_retrofit;4;6;214;214;1.0;10.32
NordsachsenLand;1983;MFH;tabula_standard;8;8;411;411;1.0;25.05
NordsachsenLand;1983;MFH;tabula_retrofit;4;6;22;22;1.0;11.27
NordsachsenLand;1994;MFH;tabula_standard;8;8;710;710;1.0;22.7
NordsachsenLand;1994;MFH;tabula_retrofit;4;6;37;37;1.0;10.22
NordsachsenLand;2001;MFH;tabula_standard;4;7;586;586;1.0;16.87
NordsachsenLand;2001;MFH;tabula_retrofit;4;6;31;31;1.0;7.59
NordsachsenLand;2009;MFH;tabula_standard;4;6;122;122;1.0;18.14
NordsachsenLand;2009;MFH;tabula_retrofit;4;6;6;6;1.0;8.16
NordsachsenLand;2015;MFH;tabula_standard;4;6;18;18;1.0;19.44
NordsachsenLand;2015;MFH;tabula_retrofit;4;6;1;1;1.0;8.75
NordsachsenLand;1994;GMH;tabula_retrofit;8;6;3;3;1.0;28.8
NordsachsenLand;2001;GMH;tabula_retrofit;4;6;3;3;1.0;14.7
AltenburgerLandLand;1918;EFH;tabula_retrofit;4;7;1586;1586;1.0;9.91
AltenburgerLandLand;1948;EFH;tabula_standard;4;8;1213;1213;1.0;20.91
AltenburgerLandLand;1948;EFH;tabula_retrofit;4;7;653;653;1.0;9.41
AltenburgerLandLand;1957;EFH;tabula_standard;4;8;310;310;1.0;21.38
AltenburgerLandLand;1957;EFH;tabula_retrofit;4;7;167;167;1.0;9.62
AltenburgerLandLand;1968;EFH;tabula_standard;4;8;379;379;1.0;21.54
AltenburgerLandLand;1968;EFH;tabula_retrofit;4;7;204;204;1.0;9.69
AltenburgerLandLand;1978;EFH;tabula_standard;4;8;345;345;1.0;12.87
AltenburgerLandLand;1978;EFH;tabula_retrofit;4;7;186;186;1.0;5.79
AltenburgerLandLand;1983;EFH;tabula_standard;4;8;656;656;1.0;13.04
AltenburgerLandLand;1983;EFH;tabula_retrofit;4;7;35;35;1.0;5.87
AltenburgerLandLand;1994;EFH;tabula_standard;4;8;1496;1496;1.0;10.1
AltenburgerLandLand;1994;EFH;tabula_retrofit;4;7;79;79;1.0;4.54
AltenburgerLandLand;2001;EFH;tabula_standard;4;7;1199;1199;1.0;8.03
AltenburgerLandLand;2001;EFH;tabula_retrofit;4;7;63;63;1.0;3.61
AltenburgerLandLand;2009;EFH;tabula_standard;4;7;525;525;1.0;8.08
AltenburgerLandLand;2009;EFH;tabula_retrofit;4;6;28;28;1.0;3.64
AltenburgerLandLand;2015;EFH;tabula_standard;4;7;55;55;1.0;8.13
AltenburgerLandLand;2015;EFH;tabula_retrofit;4;7;3;3;1.0;3.66
AltenburgerLandLand;1918;RH;tabula_standard;4;8;1069;1069;1.0;17.74
AltenburgerLandLand;1918;RH;tabula_retrofit;4;7;576;576;1.0;7.98
AltenburgerLandLand;1948;RH;tabula_standard;4;8;1332;1332;1.0;16.19
AltenburgerLandLand;1948;RH;tabula_retrofit;4;6;717;717;1.0;7.29
AltenburgerLandLand;1957;RH;tabula_standard;4;8;137;137;1.0;16.33
AltenburgerLandLand;1957;RH;tabula_retrofit;4;7;74;74;1.0;7.35
AltenburgerLandLand;1968;RH;tabula_standard;4;8;168;168;1.0;15.84
AltenburgerLandLand;1968;RH;tabula_retrofit;4;6;90;90;1.0;7.13
AltenburgerLandLand;1978;RH;tabula_standard;4;8;152;152;1.0;10.22
AltenburgerLandLand;1978;RH;tabula_retrofit;4;6;82;82;1.0;4.6
AltenburgerLandLand;1983;RH;tabula_standard;4;8;150;150;1.0;10.61
AltenburgerLandLand;1983;RH;tabula_retrofit;4;7;8;8;1.0;4.78
AltenburgerLandLand;1994;RH;tabula_standard;4;7;368;368;1.0;8.01
AltenburgerLandLand;1994;RH;tabula_retrofit;4;6;19;19;1.0;3.6
AltenburgerLandLand;2001;RH;tabula_standard;4;7;271;271;1.0;6.24
AltenburgerLandLand;2001;RH;tabula_retrofit;4;6;14;14;1.0;2.81
AltenburgerLandLand;2009;RH;tabula_standard;4;7;112;112;1.0;6.53
AltenburgerLandLand;2009;RH;tabula_retrofit;4;6;6;6;1.0;2.94
AltenburgerLandLand;2015;RH;tabula_standard;4;7;8;8;1.0;6.82
AltenburgerLandLand;1918;MFH;tabula_retrofit;4;7;604;604;1.0;18.53
AltenburgerLandLand;1948;MFH;tabula_retrofit;4;7;332;332;1.0;17.09
AltenburgerLandLand;1957;MFH;tabula_retrofit;4;7;156;156;1.0;18.07
AltenburgerLandLand;1968;MFH;tabula_retrofit;4;6;191;191;1.0;18.2
AltenburgerLandLand;1978;MFH;tabula_standard;8;8;323;323;1.0;22.94
AltenburgerLandLand;1978;MFH;tabula_retrofit;4;6;174;174;1.0;10.32
AltenburgerLandLand;1983;MFH;tabula_standard;8;8;102;102;1.0;25.05
AltenburgerLandLand;1983;MFH;tabula_retrofit;4;6;5;5;1.0;11.27
AltenburgerLandLand;1994;MFH;tabula_standard;8;8;232;232;1.0;22.7
AltenburgerLandLand;1994;MFH;tabula_retrofit;4;6;12;12;1.0;10.22
AltenburgerLandLand;2001;MFH;tabula_standard;4;7;222;222;1.0;16.87
AltenburgerLandLand;2001;MFH;tabula_retrofit;4;6;12;12;1.0;7.59
AltenburgerLandLand;2009;MFH;tabula_standard;4;6;92;92;1.0;18.14
AltenburgerLandLand;2009;MFH;tabula_retrofit;4;6;5;5;1.0;8.16
AltenburgerLandLand;2015;MFH;tabula_standard;4;6;5;5;1.0;19.44
AltenburgerLandLand;1994;GMH;tabula_retrofit;8;6;3;3;1.0;28.8
AltenburgerLandLand;2001;GMH;tabula_retrofit;4;6;1;1;1.0;14.7
HalleSaaleStadt;1918;EFH;tabula_standard;8;8;808;808;1.0;23.02
HalleSaaleStadt;1918;EFH;tabula_retrofit;4;7;435;435;1.0;10.43
HalleSaaleStadt;1948;EFH;tabula_standard;8;8;1208;1208;1.0;21.86
HalleSaaleStadt;1948;EFH;tabula_retrofit;4;7;650;650;1.0;10.06
HalleSaaleStadt;1957;EFH;tabula_standard;8;8;195;195;1.0;22.36
HalleSaaleStadt;1957;EFH;tabula_retrofit;4;7;105;105;1.0;10.21
HalleSaaleStadt;1968;EFH;tabula_standard;8;8;239;239;1.0;22.52
HalleSaaleStadt;1968;EFH;tabula_retrofit;4;7;129;129;1.0;10.21
HalleSaaleStadt;1978;EFH;tabula_standard;4;8;217;217;1.0;13.63
HalleSaaleStadt;1978;EFH;tabula_retrofit;4;7;117;117;1.0;6.25
HalleSaaleStadt;1983;EFH;tabula_standard;4;8;154;154;1.0;13.72
HalleSaaleStadt;1983;EFH;tabula_retrofit;4;6;8;8;1.0;6.37
HalleSaaleStadt;1994;EFH;tabula_standard;4;8;460;460;1.0;10.56
HalleSaaleStadt;1994;EFH;tabula_retrofit;4;7;24;24;1.0;4.84
HalleSaaleStadt;2001;EFH;tabula_standard;4;7;864;864;1.0;8.45
HalleSaaleStadt;2001;EFH;tabula_retrofit;4;7;45;45;1.0;3.83
HalleSaaleStadt;2009;EFH;tabula_standard;4;7;1194;1194;1.0;8.72
HalleSaaleStadt;2009;EFH;tabula_retrofit;4;6;63;63;1.0;3.85
HalleSaaleStadt;2015;EFH;tabula_standard;4;7;147;147;1.0;8.83
HalleSaaleStadt;2015;EFH;tabula_retrofit;4;6;8;8;1.0;3.92
HalleSaaleStadt;1918;RH;tabula_standard;4;8;607;607;1.0;18.69
HalleSaaleStadt;1918;RH;tabula_retrofit;4;7;327;327;1.0;8.68
HalleSaaleStadt;1948;RH;tabula_standard;4;8;2768;2768;1.0;16.93
HalleSaaleStadt;1948;RH;tabula_retrofit;4;6;1490;1490;1.0;8.02
HalleSaaleStadt;1957;RH;tabula_standard;4;8;202;202;1.0;17.22
HalleSaaleStadt;1957;RH;tabula_retrofit;4;6;109;109;1.0;7.95
HalleSaaleStadt;1968;RH;tabula_standard;4;8;247;247;1.0;16.7
HalleSaaleStadt;1968;RH;tabula_retrofit;4;6;133;133;1.0;7.45
HalleSaaleStadt;1978;RH;tabula_standard;4;8;224;224;1.0;10.85
HalleSaaleStadt;1978;RH;tabula_retrofit;4;6;121;121;1.0;5.07
HalleSaaleStadt;1983;RH;tabula_standard;4;8;272;272;1.0;11.18
HalleSaaleStadt;1983;RH;tabula_retrofit;4;7;14;14;1.0;5.18
HalleSaaleStadt;1994;RH;tabula_standard;4;7;437;437;1.0;8.57
HalleSaaleStadt;1994;RH;tabula_retrofit;4;6;23;23;1.0;3.83
HalleSaaleStadt;2001;RH;tabula_standard;4;7;1214;1214;1.0;6.58
HalleSaaleStadt;2001;RH;tabula_retrofit;4;6;64;64;1.0;2.96
HalleSaaleStadt;2009;RH;tabula_standard;4;7;632;632;1.0;6.93
HalleSaaleStadt;2009;RH;tabula_retrofit;4;6;33;33;1.0;3.26
HalleSaaleStadt;2015;RH;tabula_standard;4;6;21;21;1.0;7.19
HalleSaaleStadt;2015;RH;tabula_retrofit;4;6;1;1;1.0;3.32
HalleSaaleStadt;1918;MFH;tabula_retrofit;4;6;1070;1070;1.0;20.13
HalleSaaleStadt;1948;MFH;tabula_retrofit;4;6;840;840;1.0;18.51
HalleSaaleStadt;1957;MFH;tabula_retrofit;4;6;314;314;1.0;19.86
HalleSaaleStadt;1968;MFH;tabula_retrofit;4;6;383;383;1.0;19.42
HalleSaaleStadt;1978;MFH;tabula_standard;8;8;647;647;1.0;24.22
HalleSaaleStadt;1978;MFH;tabula_retrofit;4;6;348;348;1.0;11.41
HalleSaaleStadt;1983;MFH;tabula_standard;8;8;612;612;1.0;26.31
HalleSaaleStadt;1983;MFH;tabula_retrofit;4;6;32;32;1.0;12.11
HalleSaaleStadt;1994;MFH;tabula_standard;8;8;820;820;1.0;23.74
HalleSaaleStadt;1994;MFH;tabula_retrofit;4;6;43;43;1.0;10.83
HalleSaaleStadt;2001;MFH;tabula_standard;4;7;483;483;1.0;17.68
HalleSaaleStadt;2001;MFH;tabula_retrofit;4;6;25;25;1.0;8.5
HalleSaaleStadt;2009;MFH;tabula_standard;4;6;227;227;1.0;19.17
HalleSaaleStadt;2009;MFH;tabula_retrofit;4;6;12;12;1.0;8.89
HalleSaaleStadt;2015;MFH;tabula_standard;4;6;25;25;1.0;20.82
HalleSaaleStadt;2015;MFH;tabula_retrofit;4;6;1;1;1.0;9.17
HalleSaaleStadt;1994;GMH;tabula_retrofit;8;6;8;8;1.0;30.48
HalleSaaleStadt;2001;GMH;tabula_retrofit;4;6;7;7;1.0;16.43
HalleSaaleStadt;2009;GMH;tabula_retrofit;8;6;1;1;1.0;26.51
Mansfeld_SuedharzLand;1918;EFH;tabula_standard;8;8;2372;5139;0.46156839852111303;23.02
Mansfeld_SuedharzLand;1918;EFH;tabula_retrofit;4;7;2767;2767;1.0;10.36
Mansfeld_SuedharzLand;1948;EFH;tabula_standard;8;8;2607;2607;1.0;21.86
Mansfeld_SuedharzLand;1948;EFH;tabula_retrofit;4;7;1404;1404;1.0;9.84
Mansfeld_SuedharzLand;1957;EFH;tabula_standard;8;8;1016;1016;1.0;22.36
Mansfeld_SuedharzLand;1957;EFH;tabula_retrofit;4;7;547;547;1.0;10.06
Mansfeld_SuedharzLand;1968;EFH;tabula_standard;8;8;1242;1242;1.0;22.52
Mansfeld_SuedharzLand;1968;EFH;tabula_retrofit;4;7;669;669;1.0;10.13
Mansfeld_SuedharzLand;1978;EFH;tabula_standard;4;8;1129;1129;1.0;13.46
Mansfeld_SuedharzLand;1978;EFH;tabula_retrofit;4;7;608;608;1.0;6.06
Mansfeld_SuedharzLand;1983;EFH;tabula_standard;4;8;1282;1282;1.0;13.63
Mansfeld_SuedharzLand;1983;EFH;tabula_retrofit;4;6;67;67;1.0;6.14
Mansfeld_SuedharzLand;1994;EFH;tabula_standard;4;8;2519;2519;1.0;10.56
Mansfeld_SuedharzLand;1994;EFH;tabula_retrofit;4;7;133;133;1.0;4.75
Mansfeld_SuedharzLand;2001;EFH;tabula_standard;4;7;2074;2074;1.0;8.39
Mansfeld_SuedharzLand;2001;EFH;tabula_retrofit;4;7;109;109;1.0;3.78
Mansfeld_SuedharzLand;2009;EFH;tabula_standard;4;7;1051;1051;1.0;8.45
Mansfeld_SuedharzLand;2009;EFH;tabula_retrofit;4;6;55;55;1.0;3.8
Mansfeld_SuedharzLand;2015;EFH;tabula_standard;4;7;87;87;1.0;8.5
Mansfeld_SuedharzLand;2015;EFH;tabula_retrofit;4;7;5;5;1.0;3.83
Mansfeld_SuedharzLand;1918;RH;tabula_standard;4;8;2793;2793;1.0;18.55
Mansfeld_SuedharzLand;1918;RH;tabula_retrofit;4;7;1504;1504;1.0;8.35
Mansfeld_SuedharzLand;1948;RH;tabula_standard;4;8;3116;3116;1.0;16.93
Mansfeld_SuedharzLand;1948;RH;tabula_retrofit;4;6;1678;1678;1.0;7.62
Mansfeld_SuedharzLand;1957;RH;tabula_standard;4;8;532;532;1.0;17.08
Mansfeld_SuedharzLand;1957;RH;tabula_retrofit;4;6;287;287;1.0;7.68
Mansfeld_SuedharzLand;1968;RH;tabula_standard;4;8;650;650;1.0;16.56
Mansfeld_SuedharzLand;1968;RH;tabula_retrofit;4;6;350;350;1.0;7.45
Mansfeld_SuedharzLand;1978;RH;tabula_standard;4;8;591;591;1.0;10.68
Mansfeld_SuedharzLand;1978;RH;tabula_retrofit;4;6;318;318;1.0;4.81
Mansfeld_SuedharzLand;1983;RH;tabula_standard;4;8;393;393;1.0;11.1
Mansfeld_SuedharzLand;1983;RH;tabula_retrofit;4;7;21;21;1.0;4.99
Mansfeld_SuedharzLand;1994;RH;tabula_standard;4;7;791;791;1.0;8.37
Mansfeld_SuedharzLand;1994;RH;tabula_retrofit;4;6;42;42;1.0;3.77
Mansfeld_SuedharzLand;2001;RH;tabula_standard;4;7;611;611;1.0;6.53
Mansfeld_SuedharzLand;2001;RH;tabula_retrofit;4;6;32;32;1.0;2.94
Mansfeld_SuedharzLand;2009;RH;tabula_standard;4;7;293;293;1.0;6.83
Mansfeld_SuedharzLand;2009;RH;tabula_retrofit;4;6;15;15;1.0;3.07
Mansfeld_SuedharzLand;2015;RH;tabula_standard;4;7;11;11;1.0;7.13
Mansfeld_SuedharzLand;2015;RH;tabula_retrofit;4;6;1;1;1.0;3.21
Mansfeld_SuedharzLand;1918;MFH;tabula_retrofit;4;6;400;400;1.0;19.38
Mansfeld_SuedharzLand;1948;MFH;tabula_retrofit;4;7;224;224;1.0;17.87
Mansfeld_SuedharzLand;1957;MFH;tabula_retrofit;4;6;207;207;1.0;18.89
Mansfeld_SuedharzLand;1968;MFH;tabula_retrofit;4;6;253;253;1.0;19.03
Mansfeld_SuedharzLand;1978;MFH;tabula_standard;8;8;427;427;1.0;23.98
Mansfeld_SuedharzLand;1978;MFH;tabula_retrofit;4;6;230;230;1.0;10.79
Mansfeld_SuedharzLand;1983;MFH;tabula_standard;8;8;185;185;1.0;26.19
Mansfeld_SuedharzLand;1983;MFH;tabula_retrofit;4;6;10;10;1.0;11.79
Mansfeld_SuedharzLand;1994;MFH;tabula_standard;8;8;370;370;1.0;23.74
Mansfeld_SuedharzLand;1994;MFH;tabula_retrofit;4;6;19;19;1.0;10.68
Mansfeld_SuedharzLand;2001;MFH;tabula_standard;4;7;219;219;1.0;17.64
Mansfeld_SuedharzLand;2001;MFH;tabula_retrofit;4;6;12;12;1.0;7.94
Mansfeld_SuedharzLand;2009;MFH;tabula_standard;4;6;44;44;1.0;18.96
Mansfeld_SuedharzLand;2009;MFH;tabula_retrofit;4;6;2;2;1.0;8.53
Mansfeld_SuedharzLand;2015;MFH;tabula_standard;4;6;8;8;1.0;20.33
Mansfeld_SuedharzLand;1994;GMH;tabula_retrofit;8;6;2;2;1.0;30.11
Anhalt_BitterfeldLand;1918;EFH;tabula_retrofit;4;7;1890;1890;1.0;10.36
Anhalt_BitterfeldLand;1948;EFH;tabula_standard;8;8;3236;3236;1.0;21.86
Anhalt_BitterfeldLand;1948;EFH;tabula_retrofit;4;7;1742;1742;1.0;9.84
Anhalt_BitterfeldLand;1957;EFH;tabula_retrofit;4;7;386;386;1.0;10.06
Anhalt_BitterfeldLand;1968;EFH;tabula_retrofit;4;7;471;471;1.0;10.13
Anhalt_BitterfeldLand;1978;EFH;tabula_standard;4;8;796;796;1.0;13.46
Anhalt_BitterfeldLand;1978;EFH;tabula_retrofit;4;7;428;428;1.0;6.06
Anhalt_BitterfeldLand;1983;EFH;tabula_standard;4;8;712;712;1.0;13.63
Anhalt_BitterfeldLand;1983;EFH;tabula_retrofit;4;7;37;37;1.0;6.14
Anhalt_BitterfeldLand;1994;EFH;tabula_standard;4;8;1954;1954;1.0;10.56
Anhalt_BitterfeldLand;1994;EFH;tabula_retrofit;4;7;103;103;1.0;4.75
Anhalt_BitterfeldLand;2001;EFH;tabula_standard;4;7;2445;2445;1.0;8.39
Anhalt_BitterfeldLand;2001;EFH;tabula_retrofit;4;7;129;129;1.0;3.78
Anhalt_BitterfeldLand;2009;EFH;tabula_standard;4;7;1286;1286;1.0;8.45
Anhalt_BitterfeldLand;2009;EFH;tabula_retrofit;4;6;68;68;1.0;3.8
Anhalt_BitterfeldLand;2015;EFH;tabula_standard;4;7;124;124;1.0;8.5
Anhalt_BitterfeldLand;2015;EFH;tabula_retrofit;4;7;7;7;1.0;3.83
Anhalt_BitterfeldLand;1918;RH;tabula_standard;4;8;2527;2527;1.0;18.55
Anhalt_BitterfeldLand;1918;RH;tabula_retrofit;4;7;1360;1360;1.0;8.35
Anhalt_BitterfeldLand;1948;RH;tabula_standard;4;8;5969;5969;1.0;16.93
Anhalt_BitterfeldLand;1948;RH;tabula_retrofit;4;6;3214;3214;1.0;7.62
Anhalt_BitterfeldLand;1957;RH;tabula_standard;4;8;523;523;1.0;17.08
Anhalt_BitterfeldLand;1957;RH;tabula_retrofit;4;7;281;281;1.0;7.68
Anhalt_BitterfeldLand;1968;RH;tabula_standard;4;8;639;639;1.0;16.56
Anhalt_BitterfeldLand;1968;RH;tabula_retrofit;4;6;344;344;1.0;7.45
Anhalt_BitterfeldLand;1978;RH;tabula_standard;4;8;581;581;1.0;10.68
Anhalt_BitterfeldLand;1978;RH;tabula_retrofit;4;6;313;313;1.0;4.81
Anhalt_BitterfeldLand;1983;RH;tabula_standard;4;8;502;502;1.0;11.1
Anhalt_BitterfeldLand;1983;RH;tabula_retrofit;4;7;26;26;1.0;4.99
Anhalt_BitterfeldLand;1994;RH;tabula_standard;4;7;950;950;1.0;8.37
Anhalt_BitterfeldLand;1994;RH;tabula_retrofit;4;6;50;50;1.0;3.77
Anhalt_BitterfeldLand;2001;RH;tabula_standard;4;7;752;752;1.0;6.53
Anhalt_BitterfeldLand;2001;RH;tabula_retrofit;4;6;40;40;1.0;2.94
Anhalt_BitterfeldLand;2009;RH;tabula_standard;4;7;322;322;1.0;6.83
Anhalt_BitterfeldLand;2009;RH;tabula_retrofit;4;6;17;17;1.0;3.07
Anhalt_BitterfeldLand;2015;RH;tabula_standard;4;7;25;25;1.0;7.13
Anhalt_BitterfeldLand;2015;RH;tabula_retrofit;4;6;1;1;1.0;3.21
