Distributors,Address,zipcode,lat,long,operating radius,operating districts,workforce,max_installations
FrigorTec GmbH,"88279 Amtzell, Germany",88279,47.71538925,9.761246295289354,,,40.0,2000.0
Rülke Kühlanlagen GmbH,"08056 Zwickau, Germany",8056,50.71011275612076,12.491740090283173,,,40.0,2000.0
Wärmetechnik Quedlinburg GmbH & Co. KG,"06484 Quedlinburg, Germany",6484,51.79354546325875,11.150819965996627,,,40.0,2000.0
Westfalia Wärmetechnik Heinrich Schröder GmbH,"32257 Bünde, Germany",32257,52.20012793998374,8.57368924864759,,,40.0,2000.0
Apollo Gößnitz GmbH,"04639 Gößnitz, Germany",4639,50.87855975866452,12.426716774937557,,,40.0,2000.0
Alfred Kaut GmbH & Co. Elektrizitäts Gesellschaft,"42277 Wuppertal, Germany",42277,51.282103758388864,7.220692893147858,,,40.0,2000.0
Otto Schatte GmbH,"23554 Lübeck, Germany",23554,53.883935679347715,10.674071860547306,150.0,LuebeckHansestadt;HerzogtumLauenburg;Segeberg;Ostholstein;Ploen;NeumuensterStadt;HamburgBundesland;Pinneberg;KielLandeshauptstadt;SchwerinLandeshauptstadt;Nordwestmecklenburg;Steinburg;LueneburgLand;Rendsburg_Eckernfoerde;RostockHansestadt,10.0,500.0
SCHRAG GmbH & CO. KG,"73061 Ebersbach an der Fils, Germany",73061,48.71097021082478,9.521930455839517,150.0,GoeppingenLand;EsslingenLand;StuttgartLandeshauptstadt;LudwigsburgLand;ReutlingenLand;BoeblingenLand;Rems_Murr_Land;TuebingenLand;HeidenheimLand;Alb_Donau_Land;UlmUniversitaetsstadtStadt;CalwLand;PforzheimStadtStadt;SchwaebischHallLand;HeilbronnStadtStadt,10.0,500.0
BLOOM ENGINEERING EUROPA GmbH,"40549 Düsseldorf, Germany",40549,51.233057256001565,6.72012990351158,150.0,DuesseldorfStadt;Rhein_Neuss;KrefeldStadt;MoenchengladbachStadt;Viersen;Mettmann;DuisburgStadt;SolingenStadt;LeverkusenStadt;EssenStadt;OberhausenStadt;WuppertalStadt;RemscheidStadt;KoelnStadt;GelsenkirchenStadt,10.0,500.0
Dr. Kurt Korsing GmbH & Co. KG,"50739 Köln-Bilderstöckchen, Germany",50739,50.978415590141296,6.927486903193077,150.0,KoelnStadt;LeverkusenStadt;Rhein_Erft_;Rhein_Neuss;SolingenStadt;Rhein_Sieg_;DuesseldorfStadt;BonnStadt;RemscheidStadt;Mettmann;Euskirchen;Dueren;KrefeldStadt;Oberbergischer;MoenchengladbachStadt,10.0,500.0
Ing. Carl Friedmann GmbH + Co. KG,"92637 Weiden, Germany",92637,49.6704287,12.166984528812986,150.0,TirschenreuthLand;SchwandorfLand;Amberg_SulzbachLand;Wunsiedeli.Fichtelgebirge;BayreuthLandLand;ChamLand;RegensburgLandLand;KulmbachLand;Neumarkti.d.OPf.Land;Hof;Saale_Orla_Land;KelheimLand;KronachLand;Schwabach;FuerthLandLand,10.0,500.0
Kältetechnik aircool GmbH,"81829 Munich, Germany",81829,48.132017644922065,11.677867621221704,150.0,OberallgaeuLand;EbersbergLand;ErdingLand;StarnbergLand;Rheinisch_Bergischer;DachauLand;FreisingLand;MiesbachLand;FuerstenfeldbruckLand;VerdenLand;Pfaffenhofena.d.IlmLand;Weilheim_SchongauLand;Rosenheim;Aichach_FriedbergLand;LandshutLandLand,10.0,500.0
SHK SYSTEM PLAN GmbH,"03044 Cottbus, Germany",3044,51.77722887218198,14.335299436424794,150.0,CottbusStadt;BautzenLand;GoerlitzLand;Teltow_FlaemingLand;BerlinBundesland;BarnimLand;MeißenLand;DresdenStadt;Ostprignitz_RuppinLand;Potsdam_MittelmarkLand,10.0,500.0
SHL LEHMANN GmbH & CO KG,"72202 Nagold, Germany",72202,48.54347865,8.71973633066466,150.0,CalwLand;FreudenstadtLand;BoeblingenLand;TuebingenLand;ReutlingenLand;BirkenfeldLand;StuttgartLandeshauptstadt;RottweilLand;EsslingenLand;LudwigsburgLand;PforzheimStadtStadt;RastattLand;Rems_Murr_Land;GoeppingenLand;SigmaringenLand,10.0,500.0
A. Bernd Fronda Kälte Klima Schankanlagen und Großküchentechnik,"45659 Recklinghausen, Germany",45659,51.6022969690376,7.1901899538253895,150.0,Recklinghausen;HerneStadt;GelsenkirchenStadt;BochumStadt;BottropStadt;Ennepe_Ruhr_;WittenbergLand;DortmundStadt;EssenStadt;OberhausenStadt;Coesfeld;DuisburgStadt;WuppertalStadt;Unna;HagenStadt,10.0,500.0
Abel Elektrotechnik GmbH & Co. KG,"84549 Engelsberg, Germany",84549,48.12969124999999,12.512000331248505,150.0,AltoettingLand;TraunsteinLand;VerdenLand;EbersbergLand;Rosenheim;ErdingLand;Landshut;MiesbachLand;OstallgaeuLand;FreisingLand;BerchtesgadenerLandLand;DachauLand;Straubing_BogenLand;Passau;DeggendorfLand,10.0,500.0
ABR Erdwärme GmbH,"15738 Zeuthen, Germany",15738,52.349123358244285,13.62011752324731,150.0,BerlinBundesland;BarnimLand;Teltow_FlaemingLand;Oberspreewald_LausitzLand;PotsdamStadt;BrandenburganderHavel;CottbusStadt;BurgenlandLand,10.0,500.0
Ahrens Solartechnik GmbH & Co. KG,"31675 Bückeburg, Germany",31675,52.29280015,9.030864114045734,150.0,Minden_Luebbecke;SchaumburgLand;Herford;Hameln_PyrmontLand;NienburgWeserLand;Lippe;BielefeldStadt;RegionHannoverLand;Guetersloh;DiepholzLand;HolzmindenLand;OsnabrueckLand;Hoexter;VechtaLand;Paderborn,10.0,500.0
Ahrensburger Zentralheizungsbau GmbH,"22926 Ahrensburg, Germany",22926,53.674296062149715,10.231113141386132,150.0,HamburgBundesland;Pinneberg;Segeberg;LuebeckHansestadt;HerzogtumLauenburg;NeumuensterStadt;Steinburg;LueneburgLand;Ostholstein;Ploen;KielLandeshauptstadt;StadeLand;Soltau_FallingbostelLand;SchwerinLandeshauptstadt;Nordwestmecklenburg,10.0,500.0
aihtec SOLAR UG,"06110 Halle, Germany",6110,51.469438544819155,11.97198739660814,150.0,HalleSaaleStadt;Anhalt_BitterfeldLand;NordsachsenLand;LeipzigStadt;Mansfeld_SuedharzLand;SoemmerdaLand;NordhausenLand;MagdeburgLandeshauptstadt;AltmarkSalzwedelLand;GeraStadt;AltenburgerLandLand;JenaStadt;KyffhaeuserLand;ErfurtStadt;WeimarStadt,10.0,500.0
ait-deutschland GmbH,"95359 Kasendorf, Germany",95359,50.04048915,11.344080993371318,150.0,KulmbachLand;Bayreuth;LichtenfelsLand;KronachLand;Bamberg;SonnebergLand;Coburg;Wunsiedeli.Fichtelgebirge;ForchheimLand;Hof;Erlangen;HildburghausenLand;SchweinfurtLandLand;TirschenreuthLand;Fuerth,10.0,500.0
Alb Kältetechnik GmbH,"72336 Balingen, Germany",72336,48.265537174370785,8.862248307617705,150.0,RottweilLand;TuebingenLand;SigmaringenLand;ReutlingenLand;TuttlingenLand;FreudenstadtLand;BoeblingenLand;CalwLand;EsslingenLand;StuttgartLandeshauptstadt;BiberachLand;RavensburgLand;GoeppingenLand;LudwigsburgLand;EmmendingenLand,10.0,500.0
ALBAN technische Anlagen GmbH,"35321 Laubach, Germany",35321,50.5347468,9.01147172266039,150.0,Marburg_BiedenkopfLand;FuldaLand;FrankfurtOderStadt;OffenbachLand;Aschaffenburg;Limburg_WeilburgLand;Waldeck_FrankenbergLand;Rheingau_Taunus_Land;WiesbadenLandeshauptstadt;Rhein_Hunsrueck_Land;MainzStadt;Darmstadt_DieburgLand;Siegen_Wittgenstein;AltenkirchenWesterwald;MiltenbergLand,10.0,500.0
Alfons Weber GmbH,"40489 Düsseldorf, Germany",40489,51.316168450149505,6.7557082251316976,150.0,DuesseldorfStadt;DuisburgStadt;KrefeldStadt;Rhein_Neuss;OberhausenStadt;Mettmann;EssenStadt;BottropStadt;MuelheimanderRuhrStadt;MoenchengladbachStadt;Viersen;GelsenkirchenStadt;BochumStadt;SolingenStadt;LeverkusenStadt,10.0,500.0
Alois Mehlhart GmbH,"83209 Prien am Chiemsee, Germany",83209,47.8554814,12.380791069659253,150.0,Rosenheim;TraunsteinLand;EbersbergLand;MiesbachLand;AltoettingLand;ErdingLand;VerdenLand;BerchtesgadenerLandLand;UnterallgaeuLand;LandshutLandLand;BergstraßeLand;StarnbergLand;Weilheim_SchongauLand;DachauLand;Garmisch_PartenkirchenLand,10.0,500.0
Alois Simon GmbH,"66424 Homburg, Germany",66424,49.323684325409424,7.334715405797603,150.0,ZweibrueckenStadt;NeunkirchenLand;Saarpfalz_Land;PirmasensStadt;DonnersbergLand;KaiserslauternLand;KuselLand;Dillingena.d.DonauLand;SaarlouisLand;Merzig_WadernLand;LandauinderPfalzStadt;Alzey_WormsLand;LudwigshafenamRheinStadt;MannheimUniversitaetsstadt;TrierStadt,10.0,500.0
Aloys Steffes Sanitär-Installation GmbH,"53859 Niederkassel-Mondorf, Germany",53859,50.80803430735835,7.040302179608008,150.0,BonnStadt;Rhein_Sieg_;KoelnStadt;LeverkusenStadt;GrafschaftBentheimLand;Euskirchen;SolingenStadt;AltenkirchenWesterwald;Rhein_Erft_;RemscheidStadt;Mettmann;Oberbergischer;Rhein_Neuss;DuesseldorfStadt;WuppertalStadt,10.0,500.0
Alternative Energie Mielke,"25358 Horst (Holstein), Germany",25358,53.810221578643805,9.620523350291313,150.0,Steinburg;Pinneberg;HamburgBundesland;NeumuensterStadt;Segeberg;Dithmarschen;Rendsburg_Eckernfoerde;CuxhavenLand;KielLandeshauptstadt;Ploen;StadeLand;Ostholstein;LueneburgLand;HerzogtumLauenburg;Nordfriesland,10.0,500.0
Alternative Technik Scherf GmbH,"03229 Altdöbern, Germany",3229,51.66249615,14.029420997980782,150.0,CottbusStadt;MeißenLand;DresdenStadt;Teltow_FlaemingLand;BerlinBundesland;BarnimLand;BautzenLand;OberhavelLand;Potsdam_MittelmarkLand,10.0,500.0
Jan Anders Bad & Heizungsbau - Meisterbetrieb,"02956 Rietschen, Germany",2956,51.394180884409245,14.786110263054482,150.0,GoerlitzLand;BautzenLand;CottbusStadt;SaechsischeSchweiz_Osterz;DresdenStadt,10.0,500.0
Andre Weick Innovative Haus und Umwelttechnik GmbH,"69168 Wiesloch, Germany",69168,49.294623568255616,8.698198357308664,150.0,HeidelbergStadtStadt;SpeyerStadt;MannheimUniversitaetsstadt;LudwigshafenamRheinStadt;GermersheimLand;KarlsruheLandLand;Main_Tauber_Land;HeilbronnStadtStadt;NeustadtanderWeinstraße;Dingolfing_LandauLand;Alzey_WormsLand;Darmstadt_DieburgLand;BirkenfeldLand;RastattLand;PforzheimStadtStadt,10.0,500.0
Andreas Krüger GmbH,"78224 Singen, Germany",78224,47.76204189826086,8.853457189848971,150.0,KonstanzLand;TuttlingenLand;SigmaringenLand;RottweilLand;RavensburgLand;LindauBodenseeLand;BiberachLand;EnzLand;FreudenstadtLand;EmmendingenLand;LoerrachLand;TuebingenLand;BoeblingenLand;ReutlingenLand;CalwLand,10.0,500.0
Andreas Rudolf Meisterbetrieb,"95445 Bayreuth, Germany",95445,49.95078262132679,11.558401273473525,150.0,BayreuthLandLand;KulmbachLand;KronachLand;Wunsiedeli.Fichtelgebirge;Hof;BambergLandLand;LichtenfelsLand;TirschenreuthLand;SonnebergLand;Coburg;Amberg_SulzbachLand;ForchheimLand;Schwabach;Erlangen_HoechstadtLand;Neumarkti.d.OPf.Land,10.0,500.0
Anspach Sanitärservice,"56073 Koblenz, Germany",56073,50.344407753394925,7.5611418389302525,150.0,Mayen_KoblenzLand;NeuwiedLand;Limburg_WeilburgLand;Cochem_ZellLand;AltenkirchenWesterwald;GrafschaftBentheimLand;Rhein_Sieg_;BonnStadt;Euskirchen;Bernkastel_WittlichLand;MainzStadt;Rheingau_Taunus_Land;WiesbadenLandeshauptstadt;KoelnStadt;Siegen_Wittgenstein,10.0,500.0
API Energie- und Versorgungstechnik GmbH,"82166 Gräfelfing, Germany",82166,48.1221494,11.435932660256775,150.0,Nuernberg;FuerstenfeldbruckLand;StarnbergLand;BergstraßeLand;DachauLand;LandsbergamLechLand;Weilheim_SchongauLand;FreisingLand;MiesbachLand;Aichach_FriedbergLand;Pfaffenhofena.d.IlmLand;EbersbergLand;Augsburg;ErdingLand;Kaufbeuren,10.0,500.0
APPEL GmbH,"69181 Leimen, Germany",69181,49.34496659356642,8.681438800283718,150.0,HeidelbergStadtStadt;MannheimUniversitaetsstadt;SpeyerStadt;LudwigshafenamRheinStadt;GermersheimLand;KarlsruheStadtStadt;WormsStadt;Neustadta.d.Aisch_BadW.;Rhein_Neckar_Land;HeilbronnLandLand;Dingolfing_LandauLand;Darmstadt_DieburgLand;BirkenfeldLand;RastattLand;PforzheimStadtStadt,10.0,500.0
Aqua-Solar,"64385 Reichelsheim, Germany",64385,49.70043805,8.84782296118301,150.0,Darmstadt_DieburgLand;MannheimUniversitaetsstadt;MiltenbergLand;LudwigshafenamRheinStadt;WormsStadt;HeidelbergStadtStadt;Aschaffenburg;OffenbachamMainStadt;SpeyerStadt;FrankfurtamMainStadt;AhrweilerLand;Mainz_BingenLand;Rheingau_Taunus_Land;WiesbadenLandeshauptstadt;GermersheimLand,10.0,500.0
Aust + Hartmann GmbH & Co.KG,"23996 Niendorf, Germany",23996,53.773940703372325,11.463455579976376,150.0,SchwerinLandeshauptstadt;Nordwestmecklenburg;HerzogtumLauenburg;Ludwigslust_Parchim;LuebeckHansestadt;RostockHansestadt;MecklenburgischeSeen;Segeberg;Ostholstein;Luechow_DannenbergLand;Ploen;NeumuensterStadt;HamburgBundesland;Pinneberg;KielLandeshauptstadt,10.0,500.0
Autenrieth + Wehner GmbH,"36037 Fulda, Germany",36037,50.55347859515582,9.679081172366187,150.0,FuldaLand;Schmalkalden_Meiningen;Schweinfurt;SuhlStadt;Lahn_Dill_Land;Marburg_BiedenkopfLand;FrankfurtamMainStadt;Aschaffenburg;HildburghausenLand;Schwalm_Eder_Land;KasselLand;EisenachStadt;HaßbergeLand;WuerzburgLandLand;Waldeck_FrankenbergLand,10.0,500.0
B. Hahn,"95119 Naila OT Marlesreuth, Germany",95119,50.32832285,11.69696878699962,150.0,HofLandLand;KronachLand;KulmbachLand;Wunsiedeli.Fichtelgebirge;SonnebergLand;BayreuthLandLand;LichtenfelsLand;GreizLand;CoburgLandLand;Groß_GerauLand;ZwickauLand;Saalfeld_RudolstadtLand;JenaStadt;TirschenreuthLand;HildburghausenLand,10.0,500.0
bad&heizung Griesche GmbH,"01558 Großenhain, Germany",1558,51.2901101,13.525065169942806,150.0,SaechsischeSchweiz_Osterz;DresdenStadt;BautzenLand;VogtlandLand;ChemnitzStadt;NordsachsenLand;LeipzigStadt;CottbusStadt;ZwickauLand;GoerlitzLand;AltenburgerLandLand;GeraStadt;GreizLand,10.0,500.0
Baldur Weid,"56479 Rehe/Westerwald, Germany",56479,50.61558265664086,8.044241900935656,150.0,Limburg_WeilburgLand;AltenkirchenWesterwald;Siegen_Wittgenstein;Mayen_KoblenzLand;NeuwiedLand;Olpe;Rheingau_Taunus_Land;WiesbadenLandeshauptstadt;Oberbergischer;Marburg_BiedenkopfLand;Rhein_Lahn_Land;MainzStadt;Waldeck_FrankenbergLand;Rhein_Sieg_;Cochem_ZellLand,10.0,500.0
Beck GmbH & Co KG,"40721 Hilden, Germany",40721,51.16619285,6.914028880079641,150.0,DuesseldorfStadt;Mettmann;Rhein_Neuss;SolingenStadt;LeverkusenStadt;WuppertalStadt;RemscheidStadt;DuisburgStadt;KoelnStadt;EssenStadt;MoenchengladbachStadt;OberhausenStadt;Viersen;KrefeldStadt;Rhein_Erft_,10.0,500.0
Becker GmbH,"67307 Göllheim, Germany",67307,49.59193913855156,8.048817187532437,150.0,Alzey_WormsLand;KaiserslauternStadt;BadDuerkheimLand;LudwigshafenamRheinStadt;MannheimUniversitaetsstadt;MainzStadt;Rhein_Lahn_Land;SpeyerStadt;Neustadta.d.Aisch_BadW.;HeidelbergStadtStadt;Darmstadt_DieburgLand;KuselLand;Rheingau_Taunus_Land;WiesbadenLandeshauptstadt;Dingolfing_LandauLand,10.0,500.0
Beckers Regeltechnik GmbH,"47506 Neukirchen-Vluyn, Germany",47506,51.43527775,6.5506149917785335,150.0,KrefeldStadt;DuisburgStadt;OberhausenStadt;Viersen;DuesseldorfStadt;EssenStadt;Rhein_Neuss;BottropStadt;Hochsauerland;Wesel;MoenchengladbachStadt;GelsenkirchenStadt;Mettmann;BochumStadt;HerneStadt,10.0,500.0
Beckmann GmbH,"24941 Flensburg, Germany",24941,54.77491915,9.387348411186212,150.0,FlensburgStadt;Nordfriesland;Rendsburg_Eckernfoerde;WesterwaldLand;KielLandeshauptstadt;Dithmarschen;NeumuensterStadt;Steinburg;Ploen;Segeberg;Ostholstein,10.0,500.0
Berna Kühlanlagen GmbH,"08058 Zwickau, Germany",8058,50.75047053591186,12.482388505218001,150.0,ZwickauLand;GreizLand;AltenburgerLandLand;Groß_GerauLand;MittelsachsenLand;ChemnitzStadt;Hof;LeipzigStadt;NordsachsenLand;JenaStadt;WeimarerLandLand;Saalfeld_RudolstadtLand;DresdenStadt;Wunsiedeli.Fichtelgebirge;SaechsischeSchweiz_Osterz,10.0,500.0
Bernd Elsner Sanitär & Heizungstechnik,"14774 Brandenburg an der Havel, Germany",14774,52.3974682685955,12.41637681802356,150.0,BrandenburganderHavel;JerichowerLandLand;BurgenlandLand;StendalLand;Dahme_SpreewaldLand;Potsdam_MittelmarkLand;MagdeburgLandeshauptstadt;Teltow_FlaemingLand;SalzlandLand;BerlinBundesland;BarnimLand;Anhalt_BitterfeldLand;HelmstedtLand;HalleSaaleStadt;NordsachsenLand,10.0,500.0
Bernd Krämer Heizung-Elektro-Sanitär,"09116 Chemnitz, Germany",9116,50.82538849213916,12.874168235565287,150.0,MittelsachsenLand;ChemnitzStadt;ZwickauLand;AltenburgerLandLand;GreizLand;GeraStadt;LeipzigStadt;DresdenStadt;NordsachsenLand;SaechsischeSchweiz_Osterz;HofLandLand;JenaStadt;WeimarerLandLand;BautzenLand;HalleSaaleStadt,10.0,500.0
Bernhard Roll GmbH,"14167 Berlin, Germany",14167,52.42157845,13.27883356116847,150.0,Teltow_FlaemingLand;BarnimLand;BerlinBundesland;OberhavelLand;Potsdam_MittelmarkLand;BrandenburganderHavel;BurgenlandLand;CottbusStadt;JerichowerLandLand;StendalLand;MagdeburgLandeshauptstadt;BoerdeLand;Anhalt_BitterfeldLand,10.0,500.0
Bernhard Werner GmbH,"42327 Wuppertal, Germany",42327,51.242882880712784,7.074620620216511,150.0,SolingenStadt;Mettmann;WuppertalStadt;RemscheidStadt;EssenStadt;DuesseldorfStadt;Rhein_Neuss;LeverkusenStadt;DuisburgStadt;HagenStadt;GelsenkirchenStadt;BottropStadt;WittenbergLand;BochumStadt;OberhausenStadt,10.0,500.0
Berthold Herzog,"63814 Mainaschaff, Germany",63814,49.9998872,9.086395035109847,100.0,Aschaffenburg;HochtaunusLand;FrankfurtOderStadt;MiltenbergLand;Darmstadt;Rheingau_Taunus_Land;WiesbadenLandeshauptstadt;Rhein_Hunsrueck_Land;Mainz_BingenLand;Rhoen_GrabfeldLand,5.0,250.0
BERUS Energietechnik e.K.,"88069 Tettnang, Germany",88069,47.6545925,9.604272433657734,100.0,RavensburgLand;LindauBodenseeLand;BiberachLand;Memmingen;SigmaringenLand;KemptenAllgaeu;TuttlingenLand;KonstanzLand,5.0,250.0
BEY ELMAR GmbH & CO. KG,"64319 Pfungstadt, Germany",64319,49.8024721,8.593209651944612,100.0,Darmstadt_DieburgLand;WormsStadt;MannheimUniversitaetsstadt;FrankenthalPfalzStadt;Mainz_BingenLand;FrankfurtamMainStadt;LudwigshafenamRheinStadt;OdenwaldLand;HeidelbergStadtStadt;Rheingau_Taunus_Land,5.0,250.0
BIERTHER HEIZUNGSANLAGEN GmbH,"69126 Heidelberg, Germany",69126,49.376832133155354,8.690933393159426,100.0,HeidelbergStadtStadt;MannheimUniversitaetsstadt;LudwigshafenamRheinStadt;SpeyerStadt;WormsStadt;GermersheimLand;KarlsruheStadtStadt;Neustadta.d.Aisch_BadW.;Darmstadt;HohenloheLand,5.0,250.0
Blaffert Heizsysteme GmbH,"39524 Schönhausen, Germany",39524,52.66909789367354,12.06694595277346,100.0,JerichowerLandLand;StendalLand;BurgenlandLand;BrandenburganderHavel;MagdeburgLandeshauptstadt;HarzLand,5.0,250.0
Blatzheim & Sohn GmbH,"52372 Kreuzau, Germany",52372,50.7383479,6.479966746998315,100.0,Dueren;Euskirchen;Rhein_Erft_;StaedteregionAachen;KoelnStadt;GrafschaftBentheimLand;Heinsberg;BonnStadt;LeverkusenStadt;Rhein_Sieg_,5.0,250.0
"boden & grundwasser, Dr. Jörg Danzer Dipl. Geoökologe","87527 Sonthofen, Germany",87527,47.5055914,10.269482173899464,100.0,KemptenAllgaeu;Memmingen;Kaufbeuren;LindauBodenseeLand;RavensburgLand;LandsbergamLechLand,5.0,250.0
Böhm GmbH,"04416 Markkleeberg, Germany",4416,51.26845875,12.396545220727784,100.0,LeipzigStadt;NordsachsenLand;AltenburgerLandLand;HalleSaaleStadt;Anhalt_BitterfeldLand;ErzgebirgsLand;ChemnitzStadt;ZwickauLand;Groß_GerauLand;JenaStadt,5.0,250.0
Börner + Co KG,"85053 Ingolstadt, Germany",85053,48.74609894429576,11.4513175550012,100.0,Ingolstadt;Neuburg_Schrobenhausen;EichstaettLand;Pfaffenhofena.d.IlmLand;SaaleLand;FreisingLand;KelheimLand;Neumarkti.d.OPf.Land;Aichach_FriedbergLand;HarburgLand,5.0,250.0
BRENNER GmbH - Beste Heizungs- & Elektro-Technologie,"71229 Leonberg - Höfingen, Germany",71229,48.78961225,9.000822581694354,100.0,StuttgartLandeshauptstadt;BoeblingenLand;LudwigsburgLand;CalwLand;PforzheimStadtStadt;Rems_Murr_Land;EsslingenLand;BirkenfeldLand;TuebingenLand;ReutlingenLand,5.0,250.0
Bruch Kälte und Klimatechnik,"42369 Wuppertal, Germany",42369,51.22652635526601,7.201824049011347,100.0,WuppertalStadt;RemscheidStadt;SolingenStadt;Mettmann;HagenStadt;WittenbergLand;DuesseldorfStadt;BochumStadt;LeverkusenStadt;EssenStadt,5.0,250.0
Budde GmbH und Co. KG,"30974 Wennigsen (Deister), Germany",30974,52.270714487314244,9.584112049333061,100.0,RegionHannoverLand;Hameln_PyrmontLand;HildesheimLand;SchaumburgLand;NienburgWeserLand;PeineLand;Minden_Luebbecke;CelleLand;HolzmindenLand;SalzgitterStadt,5.0,250.0
Bühr Lufttechnik GmbH,"70839 Gerlingen, Germany",70839,48.79815182162385,9.064921871079617,100.0,StuttgartLandeshauptstadt;LudwigsburgLand;BoeblingenLand;EsslingenLand;Rems_Murr_Land;CalwLand;PforzheimStadtStadt;TuebingenLand;Main_Tauber_Land;HeilbronnLandLand,5.0,250.0
BURY Haustechnik GmbH,"79241 Ihringen, Germany",79241,48.04543276753025,7.655091221980764,100.0,EmmendingenLand;Schwarzwald_Baar_Land;LoerrachLand,5.0,250.0
Butscher GmbH,"87471 Durach, Germany",87471,47.69649335,10.366545555635087,100.0,KemptenAllgaeu;Memmingen;Kaufbeuren;LandsbergamLechLand;BiberachLand;LindauBodenseeLand;Weilheim_SchongauLand;Alb_Donau_Land;UlmUniversitaetsstadtStadt;Garmisch_PartenkirchenLand,5.0,250.0
caldoa GmbH,"88046 Friedrichshafen, Germany",88046,47.65969015,9.50416034702076,100.0,RavensburgLand;LindauBodenseeLand;SigmaringenLand;BiberachLand;TuttlingenLand;KonstanzLand;Memmingen;KemptenAllgaeu,5.0,250.0
Christoph Rechkemmer GmbH,"66292 Riegelsberg, Germany",66292,49.30878835158418,6.935701052781655,100.0,St.WendelLand;Dillingena.d.DonauLand;SaarlouisLand;NeunkirchenLand;ZweibrueckenStadt;Merzig_WadernLand;PirmasensStadt;VulkaneifelLand;KaiserslauternStadt;KuselLand,5.0,250.0
Claus Grammerstorf Inh. Peter Marquardt e.K.,"23669 Timmendorfer Strand, Germany",23669,53.99101983547429,10.799882253241307,100.0,LuebeckHansestadt;Ostholstein;Ploen;HerzogtumLauenburg;Segeberg;KielLandeshauptstadt;NeumuensterStadt;HamburgBundesland;Pinneberg,5.0,250.0
CLIVENT Umwelttechnik,"78166 Donaueschingen, Germany",78166,47.94686125,8.530789753575341,100.0,TuttlingenLand;RottweilLand;KonstanzLand;WaldshutLand;SigmaringenLand;EmmendingenLand;FreudenstadtLand,5.0,250.0
ColdTec Kälte-Klima-Wärmepumpentechnik GmbH,"32602 Vlotho, Germany",32602,52.15912859988332,8.849102153609751,100.0,Herford;Minden_Luebbecke;Lippe;BielefeldStadt;SchaumburgLand;Hameln_PyrmontLand;Guetersloh;NienburgWeserLand;OsnabrueckLand;Paderborn,5.0,250.0
Cooljoy GmbH & Co. KG,"51399 Burscheid, Germany",51399,51.09124785,7.11906295083898,100.0,SolingenStadt;LeverkusenStadt;RemscheidStadt;KoelnStadt;WuppertalStadt;Mettmann;Rhein_Erft_;DuesseldorfStadt;Rhein_Sieg_;Rhein_Neuss,5.0,250.0
COOLTHERM Kälteanlagen und Wärmepumpen GmbH,"63755 Alzenau, Germany",63755,50.08377305000001,9.07302251363447,100.0,AschaffenburgLand;FrankfurtamMainStadt;HochtaunusLand;MiltenbergLand;Darmstadt_DieburgLand;Rheingau_Taunus_Land;WiesbadenLandeshauptstadt;Rhein_Pfalz_Land;MainzStadt;FuldaLand,5.0,250.0
Cramer Klimatechnik Inh. Dipl.-Ing. Heinz Herbert ScheiffarthHeinz-Herbert Scheiffarth,"42107 Wuppertal, Germany",42107,51.26420507080971,7.154320618114832,100.0,WuppertalStadt;RemscheidStadt;Mettmann;SolingenStadt;HagenStadt;WittenbergLand;EssenStadt;BochumStadt;DuesseldorfStadt;Rhein_Neuss,5.0,250.0
Cube Ingenieurunion GmbH,"67549 Worms, Germany",67549,49.63883021667088,8.336991899502399,100.0,WormsStadt;LudwigshafenamRheinStadt;MannheimUniversitaetsstadt;Darmstadt;SpeyerStadt;Neustadta.d.Waldnaab;HeidelbergStadtStadt;Rheingau_Taunus_Land;WiesbadenLandeshauptstadt;KaiserslauternStadt,5.0,250.0
"Dages, Huber & Schildbach OHG","87675 Stötten a. Auerberg, Germany",87675,47.74177589999999,10.70083128089979,100.0,Kaufbeuren;KemptenAllgaeu;Weilheim_SchongauLand;LandsbergamLechLand;Memmingen;Garmisch_PartenkirchenLand;Augsburg;FuerstenfeldbruckLand;Aichach_FriedbergLand,5.0,250.0
Daschner GmbH,"47169 Duisburg, Germany",47169,51.51206544329934,6.761445907514831,100.0,DuisburgStadt;OberhausenStadt;Maerkischer;BottropStadt;Wesel;EssenStadt;GelsenkirchenStadt;HerneStadt;DuesseldorfStadt;Mettmann,5.0,250.0
DIAMANT Heiz- und Klimasysteme GmbH,"73635 Rudersberg, Germany",73635,48.88106605,9.53657935494483,100.0,GoeppingenLand;Rems_Murr_Land;LudwigsburgLand;EsslingenLand;StuttgartLandeshauptstadt;Main_Tauber_Land;HeilbronnLandLand;BoeblingenLand;ReutlingenLand;HeidenheimLand,5.0,250.0
Dipl.-Ing. (FH) Ingo Jürgena,"26639 Wiesmoor, Germany",26639,53.41439575,7.725996287431335,100.0,WittmundLand;AmmerlandLand;AurichLand;LeerLand;WilhelmshavenStadt;EmdenStadt;OldenburgLand;WesermarschLand;CloppenburgLand;DelmenhorstStadt,5.0,250.0
Dipl.-Ing. EDUARD JORDAN Haustechnik GmbH,"18211 Bargeshagen, Germany",18211,54.13205731766789,11.948914614596285,100.0,Vorpommern_Ruegen;RostockHansestadt;SchwerinLandeshauptstadt;Nordwestmecklenburg,5.0,250.0
Dipl.-Ing. Frank Günther e.K.,"21337 Lüneburg, Germany",21337,53.24793398061731,10.44020796972433,100.0,LueneburgLand;UelzenLand;Luechow_DannenbergLand;HamburgBundesland;Soltau_FallingbostelLand;HerzogtumLauenburg;Pinneberg;StadeLand;CelleLand;GifhornLand,5.0,250.0
Dipl.-Ing.(FH) Karl Mayer GmbH,"54634 Bitburg, Germany",54634,49.968953218971436,6.528036193719653,100.0,TrierStadt;Bernkastel_WittlichLand;Cochem_ZellLand;Merzig_WadernLand,5.0,250.0
Dirk Schmitz Heizungsbau & Sanitär,"53474 Bad Neuenahr-Ahrweiler, Germany",53474,50.54152349585169,7.120312435242091,100.0,GrafschaftBentheimLand;BonnStadt;Euskirchen;Rhein_Sieg_;NeuwiedLand;AltenkirchenWesterwald;KoelnStadt;KoblenzStadt;Rhein_Erft_;Cochem_ZellLand,5.0,250.0
Distelmaier GmbH,"22761 Hamburg, Germany",22761,53.56542158356,9.914004926078034,100.0,HamburgBundesland;Pinneberg;StadeLand;Steinburg;LueneburgLand;NeumuensterStadt;Segeberg;HerzogtumLauenburg;LuebeckHansestadt;Soltau_FallingbostelLand,5.0,250.0
Dr. Stadtbäumer Baugrunduntersuchung GmbH,"85609 Aschheim b. München, Germany",85609,48.192658,11.71421219127192,100.0,UnterallgaeuLand;ErdingLand;DachauLand;EbersbergLand;FreisingLand;FuerstenfeldbruckLand;Pfaffenhofena.d.IlmLand;StarnbergLand;MiesbachLand;BergstraßeLand,5.0,250.0
DUDDA Energiesysteme Gmbh,"18258 Schwaan, Germany",18258,53.937002333328046,12.104252686969234,100.0,Rostock;MecklenburgischeSeen;Ludwigslust_Parchim;SchwerinLandeshauptstadt;Nordwestmecklenburg,5.0,250.0
Dührkopp Haustechnik GmbH Co. KG,"14712 Rathenow, Germany",14712,52.611308221476,12.341515033460677,100.0,JerichowerLandLand;BrandenburganderHavel;StendalLand;BurgenlandLand;Potsdam_MittelmarkLand;HavellandLand;BerlinBundesland;Maerkisch_OderlandLand;Teltow_FlaemingLand,5.0,250.0
Ebert - Bau GmbH Neubau - Umbau - Sanierung,"17033 Neubrandenburg, Germany",17033,53.5452587986691,13.25045859027817,100.0,Vorpommern_Greifswald,5.0,250.0
Eichenauer Kälte- und Klimatechnik GmbH & Co. KG,"36367 Wartenberg - Angersbach, Germany",36367,50.62387105,9.45089905063308,100.0,FuldaLand;Marburg_BiedenkopfLand;Waldeck_FrankenbergLand;Schmalkalden_Meiningen,5.0,250.0
EISEN FISCHER GmbH,"86720 Nördlingen, Germany",86720,48.8586179,10.495341998758175,100.0,HarburgLand;Weißenburg_Gunzenhausen;HeidenheimLand;Neuburg_Schrobenhausen;GuenzburgLand;AnsbachLandLand;EichstaettLand;Schwabach;Augsburg;BodenseeLand,5.0,250.0
ELBRA Elektrotechnik Bratschke GmbH,"42551 Velbert, Germany",42551,51.34330675251444,7.050640855991928,100.0,Mettmann;EssenStadt;WuppertalStadt;SolingenStadt;GelsenkirchenStadt;RemscheidStadt;BottropStadt;DuesseldorfStadt;MuelheimanderRuhrStadt;BochumStadt,5.0,250.0
Elektro Fischer GmbH,"94152 Neuhaus – Reding, Germany",94152,48.4529484,13.410533506243578,100.0,PassauLandLand;Freyung_GrafenauLand;DeggendorfLand;AltoettingLand;RegenLand,5.0,250.0
Elektro Guggenmos GmbH & Co. KG,"87742 Dirlewang, Germany",87742,48.00695217922661,10.506959789663536,100.0,Kaufbeuren;Memmingen;LandsbergamLechLand;Augsburg;BiberachLand;KemptenAllgaeu;FuerstenfeldbruckLand;Aichach_FriedbergLand;Weilheim_SchongauLand;StarnbergLand,5.0,250.0
Elektro Halbach Heinz Halbach GmbH & Co. KG,"42369 Wuppertal, Germany",42369,51.22652635526601,7.201824049011347,100.0,,5.0,250.0
Elektro Haupenthal,"55776 Rohrbach, Germany",55776,49.584776751571425,7.242798585581299,100.0,KuselLand;NeunkirchenLand;BadDuerkheimLand;KaiserslauternLand;PirmasensStadt;ZweibrueckenStadt;Merzig_WadernLand;TrierStadt;Saarpfalz_Land;Dillingena.d.DonauLand,5.0,250.0
Elektro Jost GmbH,"45289 Essen-Burgaltendorf, Germany",45289,51.416164930314636,7.111311750400403,100.0,EssenStadt;BochumStadt;GelsenkirchenStadt;BottropStadt;WittenbergLand;Maerkischer;OberhausenStadt;HerneStadt;Mettmann;DuisburgStadt,5.0,250.0
Elektro Lübke KG,"24103 Kiel, Germany",24103,54.32284378477549,10.131450585349253,100.0,KielLandeshauptstadt;Ploen;NeumuensterStadt;Rendsburg_Eckernfoerde;Ostholstein;Segeberg;Steinburg;Dithmarschen;LuebeckHansestadt;Nordfriesland,5.0,250.0
ELEKTRO Luckow & Söhne GmbH,"40721 Hilden, Germany",40721,51.16619285,6.914028880079641,100.0,,5.0,250.0
Elektro Riedel Inh. Frank Riedel,"30916 Isernhagen, Germany",30916,52.45406536126935,9.85708924550884,100.0,RegionHannoverLand;CelleLand;PeineLand;HildesheimLand;GifhornLand;NienburgWeserLand;SchaumburgLand;BraunschweigStadt;SalzgitterStadt;Soltau_FallingbostelLand,5.0,250.0
Elektro Roßwein GmbH,"04741 Roßwein, Germany",4741,51.0801062,13.186804630726021,100.0,ErzgebirgsLand;ChemnitzStadt;DresdenStadt;SaechsischeSchweiz_Osterz;NordsachsenLand;LeipzigLand;ZwickauLand;AltenburgerLandLand,5.0,250.0
ELEKTRO SCHNICKMANN GmbH,"51789 Lindlar-Hartegasse, Germany",51789,51.0233447902725,7.373047948725837,100.0,Oberbergischer;RemscheidStadt;KoelnStadt;Rhein_Sieg_;LeverkusenStadt;SolingenStadt;WuppertalStadt;BonnStadt;Olpe;Siegen_Wittgenstein,5.0,250.0
Elektro Zech GmbH,"87666 Pforzen, Germany",87666,47.935732200000004,10.611829457029227,100.0,Kaufbeuren;LandsbergamLechLand;Memmingen;KemptenAllgaeu;Weilheim_SchongauLand;Augsburg;FuerstenfeldbruckLand;Aichach_FriedbergLand;StarnbergLand;BiberachLand,5.0,250.0
Elektro-Beck,"73466 Lauchheim, Germany",73466,48.87152009637114,10.249688380464727,100.0,HeidenheimLand;HarburgLand;Weißenburg_Gunzenhausen;GoeppingenLand;BodenseeLand;Neu_UlmLand;GuenzburgLand;AnsbachLandLand;Neuburg_Schrobenhausen;EichstaettLand,5.0,250.0
Elektro-Brezing,"72224 Ebhausen, Germany",72224,48.60857125,8.670617045299148,100.0,CalwLand;FreudenstadtLand;BoeblingenLand;TuebingenLand;BirkenfeldLand;PforzheimStadtStadt;ReutlingenLand;StuttgartLandeshauptstadt;EsslingenLand;LudwigsburgLand,5.0,250.0
Elektro-Horst GmbH,"06667 Tagewerben, Germany",6667,51.19534087625667,11.968004749302304,100.0,HalleSaaleStadt;AltenburgerLandLand;LeipzigStadt;NordsachsenLand;GeraStadt;JenaStadt;Anhalt_BitterfeldLand;Mansfeld_SuedharzLand;GreizLand;WeimarStadt,5.0,250.0
Elektrotechnik Schenkendorf GmbH,"42897 Remscheid, Germany",42897,51.18750523422175,7.264249471013954,100.0,RemscheidStadt;SolingenStadt;WuppertalStadt;LeverkusenStadt;Mettmann;HagenStadt;WittenbergLand;Oberbergischer;BochumStadt;KoelnStadt,5.0,250.0
Elmar Schmid GmbH,"87488 Betzigau, Germany",87488,47.7278131,10.41126141941994,100.0,KemptenAllgaeu;Kaufbeuren;Memmingen;LandsbergamLechLand;BiberachLand;LindauBodenseeLand;Weilheim_SchongauLand;RavensburgLand;BodenseeLand;Neu_UlmLand,5.0,250.0
Engelmann Installation,"39576 Stendal - OT Groß Schwechten, Germany",39576,52.60554850972736,11.847680815150015,100.0,StendalLand;JerichowerLandLand;BurgenlandLand;MagdeburgLandeshauptstadt;HarzLand;BrandenburganderHavel;WolfsburgStadt;Luechow_DannenbergLand,5.0,250.0
ENGIE Refrigeration GmbH,"88131 Lindau, Germany",88131,47.57286685,9.686940863251923,100.0,LindauBodenseeLand;RavensburgLand;Memmingen;KemptenAllgaeu;SigmaringenLand;BiberachLand;KonstanzLand;TuttlingenLand,5.0,250.0
Enneper und Schmermbeck KG,"58511 Lüdenscheid, Germany",58511,51.21811915000001,7.651146488671737,100.0,HagenStadt;Oberbergischer;Olpe;RemscheidStadt;DortmundStadt;SolingenStadt;WittenbergLand;Unna;WuppertalStadt;BochumStadt,5.0,250.0
Enspa-Energiesparsysteme,"63683 Ortenberg, Germany",63683,50.35660375000001,9.088058565190185,100.0,FrankfurtamMainStadt;OffenbachLand;FuldaLand;Aschaffenburg;Darmstadt;Marburg_BiedenkopfLand;MiltenbergLand;Rheingau_Taunus_Land;WiesbadenLandeshauptstadt;BadKreuznachLand,5.0,250.0
EnTech GmbH,"77815 Buhl, Germany",77815,48.69775615455515,8.135489720000837,100.0,RastattLand;KarlsruheStadtStadt;FreudenstadtLand;BirkenfeldLand;PforzheimStadtStadt;GermersheimLand;Dingolfing_LandauLand;EmmendingenLand;CalwLand;SpeyerStadt,5.0,250.0
EPROPLAN GmbH Beratende Ingenieure,"70597 Stuttgart, Germany",70597,48.74470654085455,9.169232271388557,100.0,StuttgartLandeshauptstadt;EsslingenLand;LudwigsburgLand;BoeblingenLand;ReutlingenLand;TuebingenLand;CalwLand;GoeppingenLand;PforzheimStadtStadt;Rems_Murr_Land,5.0,250.0
Erhard Müller GmbH,"37181 Hardegsen, Germany",37181,51.65458745,9.825495731389848,100.0,NortheimLand;Goettingen;FrieslandLand;HolzmindenLand;Hoexter;Schwalm_Eder_Land;KasselLand;GoslarLand;WartburgLand;Hameln_PyrmontLand,5.0,250.0
Erich Kuhn GmbH,"22179 Hamburg, Germany",22179,53.606202825035616,10.081075494384924,100.0,HamburgBundesland;Pinneberg;Segeberg;LuebeckHansestadt;HerzogtumLauenburg;LueneburgLand;Steinburg;NeumuensterStadt;StadeLand;Soltau_FallingbostelLand,5.0,250.0
Ernst Schenk & Sohn GmbH Heizung und Sanitär,"47057 Duisburg, Germany",47057,51.42467784308181,6.788731937895683,100.0,DuisburgStadt;OberhausenStadt;EssenStadt;BottropStadt;KrefeldStadt;Hochsauerland;DuesseldorfStadt;Mettmann;GelsenkirchenStadt;Rhein_Neuss,5.0,250.0
Erwin Merk GmbH,"89264 Weißenhorn, Germany",89264,48.3020171,10.177888700200981,100.0,GuenzburgLand;Alb_Donau_Land;UlmUniversitaetsstadtStadt;Memmingen;BiberachLand;HeidenheimLand;Augsburg;KemptenAllgaeu;Aichach_FriedbergLand;Kaufbeuren,5.0,250.0
ETG Wiedholz Elektrotechnischer Fachgroßhandel,"86462 Langweid/Lech, Germany",86462,48.48088945,10.826741557738764,100.0,RegensburgLandLand;Memmingen;Ansbach;RosenheimLandLand;KitzingenLand,5.0,250.0
Eugen Bosch GmbH & Co. KG,"50823 Cologne, Germany",50823,50.94975484721943,6.923365932724571,100.0,Siegen_Wittgenstein;Oberbergischer;Soest;WiesbadenLandeshauptstadt;Coesfeld,5.0,250.0
Ewald Büttner GmbH,"63856 Bessenbach, Germany",63856,49.9660696,9.252114800788133,100.0,Neckar_Odenwald_;OffenbachamMainStadt;NeustadtanderWeinstraße;MainzStadt;ForchheimLand,5.0,250.0
F.Grassmugg Kälte-Klima-Technik,"71679 Asperg, Germany",71679,48.9046078859641,9.138954993652023,100.0,HohenloheLand;BadDuerkheimLand;SchweinfurtLandLand;Rhoen_GrabfeldLand;OdenwaldLand,5.0,250.0
F.O. Henneberg GmbH,"20354 Hamburg, Germany",20354,53.55587332583894,9.990383920721008,100.0,AmmerlandLand;VechtaLand,5.0,250.0
Faust GmbH,"56070 Koblenz, Germany",56070,50.374941338367435,7.588230976525044,100.0,Rhein_Sieg_;Heinsberg;EssenStadt;MuelheimanderRuhrStadt;RemscheidStadt,5.0,250.0
Fedder GmbH,"41462 Neuss, Germany",41462,51.21565543410996,6.666674339199691,100.0,BottropStadt,5.0,250.0
Fiedler Service GmbH,"13509 Berlin, Germany",13509,52.59071885,13.298214993776467,100.0,Oder_SpreeLand;Elbe_ElsterLand;MagdeburgLandeshauptstadt;LeipzigLand;AltmarkSalzwedelLand,5.0,250.0
Fiehl & Kersken GmbH,"50389 Wesseling, Germany",50389,50.81590634608205,6.977998337090839,100.0,HerneStadt;FrankenthalPfalzStadt;Coesfeld;HammStadt;Recklinghausen,5.0,250.0
Firma Kölling GmbH,"01561 Ebersbach OT Bieberach, Germany",1561,51.28951915,13.711979771021142,100.0,HavellandLand;ChemnitzStadt;Potsdam_MittelmarkLand,5.0,250.0
Fischer Elektrotechnik GmbH,"89584 Ehingen-Dächingen, Germany",89584,48.28566035901308,9.716187626552221,100.0,BoeblingenLand;OstallgaeuLand;Ingolstadt;StuttgartLandeshauptstadt;Schwarzwald_Baar_Land,5.0,250.0
Fischer GbR Bad & Heiztechnik,"59069 Hamm, Germany",59069,51.62334875000001,7.8688723140649675,100.0,Maerkischer;DuesseldorfStadt;Herford;WartburgLand;Wesel,5.0,250.0
FMH Bau-Meister GmbH & Co KG,"52070 Aachen, Germany",52070,50.783258450583716,6.098154874177514,100.0,MoenchengladbachStadt;Olpe;Rhein_Erft_;Heinsberg;Siegen_Wittgenstein,5.0,250.0
Francois Fiedler GmbH,"14089 Berlin-Kladow, Germany",14089,52.47087255,13.151527738415707,100.0,Spree_NeißeLand,5.0,250.0
Frank Widdel Haustechnik,"59063 Hamm, Germany",59063,51.67203085,7.837455419292951,100.0,BochumStadt;Marburg_BiedenkopfLand;Borken;OsnabrueckStadt;DiepholzLand,5.0,250.0
Franz Lanzinger GmbH,"86931 Prittriching, Germany",86931,48.19888325,10.926865826408914,100.0,Augsburg;Neu_UlmLand;Weideni.d.OPf.;Neumarkti.d.OPf.Land;FreisingLand,5.0,250.0
FRIELING FRITZ GmbH,"49393 Lohne (Oldenburg), Germany",49393,52.66118125,8.228908928665907,100.0,Guetersloh;StadeLand;Hameln_PyrmontLand;Recklinghausen;WuppertalStadt,5.0,250.0
Fritsch GmbH Heizungen und Bäder,"76437 Rastatt, Germany",76437,48.86651935,8.18452642549805,100.0,SuedwestpfalzLand;Neu_UlmLand;Aschaffenburg;Rhein_Lahn_Land;WiesbadenLandeshauptstadt,5.0,250.0
Fritz Laxganger GmbH,"83119 Obing, Germany",83119,48.01504925,12.393458950726489,100.0,SchwandorfLand;OstallgaeuLand;Neuburg_Schrobenhausen;Passau;ChamLand,5.0,250.0
Fuchs Heizung + Haustechnik GmbH,"53840 Troisdorf, Germany",53840,50.81089034725922,7.162176854136268,100.0,Rhein_Lahn_Land;BottropStadt;WittenbergLand;Rhein_Erft_;OffenbachLand,5.0,250.0
Fuhrer Kälte & Klimatechnik,"72108 Rottenburg-Oberndorf, Germany",72108,48.46967965,8.934589874858336,100.0,KarlsruheStadtStadt;Wuerzburg;Dingolfing_LandauLand;MiltenbergLand;TuttlingenLand,5.0,250.0
G.U.T. Gebäude- und Umwelttechnik GmbH,"26180 Rastede, Germany",26180,53.24468722976924,8.203744334867308,100.0,CuxhavenLand;EmslandLand;RotenburgWuemmeLand;BremenBundesland;CloppenburgLand,5.0,250.0
Gabriel GmbH Heizung Sonne Bad,"88371 Boos, Germany",88371,47.9693331,9.5924291175474,100.0,KarlsruheLandLand;Rottal_InnLand;Memmingen;StuttgartLandeshauptstadt,5.0,250.0
Garbe Elektro- und Solartechnik GmbH,"47589 Uedem, Germany",47589,51.6755786,6.29360172348578,100.0,Oberbergischer;OsnabrueckLand;WuppertalStadt;DuesseldorfStadt,5.0,250.0
Gellert & Meitzner GmbH,"03172 Schenkendöbern, Germany",3172,51.94876470000001,14.624074912977393,100.0,Spree_NeißeLand;BautzenLand,5.0,250.0
Gemeinhardt AG,"95145 Oberkotzau, Germany",95145,50.2573776,11.925640376067092,70.0,FuerthLandLand;SaechsischeSchweiz_Osterz;KitzingenLand;Rhoen_GrabfeldLand;ChamLand,3.0,150.0
genotec GmbH und Co. KG,"52538 Gangelt, Germany",52538,51.00737995,5.984794334299872,70.0,Rhein_Neuss;LeverkusenStadt;DuesseldorfStadt;DuisburgStadt;Maerkischer,3.0,150.0
GeoClimaDesign AG,"15517 Fürstenwalde / Spree, Germany",15517,52.37474285,14.06711939734578,70.0,Teltow_FlaemingLand;HarzLand,3.0,150.0
Georg Bergsteiner GmbH,"85077 Manching-Oberstimm, Germany",85077,48.71658625,11.490985645643756,70.0,KulmbachLand;BodenseeLand;Donau_RiesLand;Ingolstadt;FuerthLandLand,3.0,150.0
GeoSolar Energietechnik GmbH,"15370 Fredersdorf, Germany",15370,52.5189856,13.779896376943707,70.0,AltmarkSalzwedelLand;Spree_NeißeLand;Potsdam_MittelmarkLand,3.0,150.0
Gerd Albert GmbH,"66115 Saarbrücken, Germany",66115,49.24500144594089,6.949541743921842,70.0,Main_Kinzig_Land;Neustadta.d.Aisch_BadW.;LudwigshafenamRheinStadt;Trier_SaarburgLand;EifelBitburg_PruemLand,3.0,150.0
GIB Gewerbe-und Industriebau GmbH,"04720 Döbeln, Germany",4720,51.1432426,13.12959985742949,70.0,Wunsiedeli.Fichtelgebirge;Hof;WeimarerLandLand,3.0,150.0
Graf GmbH,"86381 Krumbach/Niederraunau, Germany",86381,48.243257345440114,10.369003916739796,70.0,KemptenAllgaeu;TuttlingenLand;Memmingen;EbersbergLand;AugsburgLandLand,3.0,150.0
Graf Haustechnik GmbH,"92421 Schwandorf, Germany",92421,49.3153268,12.065086700213325,70.0,KulmbachLand;WuerzburgLandLand;DachauLand;Hof;CoburgLandLand,3.0,150.0
Grube's Zentralheizungsbau- und Haustechnik Dipl.-Ing. Alexander Ebel GmbH,"22145 Hamburg, Germany",22145,53.62723046372818,10.166451683328038,70.0,LueneburgLand;OldenburgLand;RotenburgWuemmeLand;Schleswig_Flensburg,3.0,150.0
Günter Weller GmbH,"74369 Löchgau, Germany",74369,49.002363218167886,9.108517853121601,70.0,Weißenburg_Gunzenhausen;LandauinderPfalzStadt;Memmingen;Rhein_Hunsrueck_Land;HohenloheLand,3.0,150.0
Günther GmbH Heizung Sanitär Bauklempnerei,"45139 Essen, Germany",45139,51.45863688013088,7.0409670598848475,70.0,EmslandLand;BochumStadt;KoelnStadt;RemscheidStadt;LeverkusenStadt,3.0,150.0
Guske Elektro GmbH & Co. KG,"39606 Flessau, Germany",39606,52.790568208045435,11.730477611087315,70.0,Teltow_FlaemingLand;PeineLand;BoerdeLand;Spree_NeißeLand;BrandenburganderHavel,3.0,150.0
GYRO BAUTECHNIK GmbH,"45356 Essen, Germany",45356,51.48431543195153,6.974798271797249,70.0,Lippe;HerneStadt;DuesseldorfStadt;MoenchengladbachStadt;Paderborn,3.0,150.0
h e i n e n GmbH,"50825 Cologne, Germany",50825,50.95687355751755,6.914278482732996,70.0,GelsenkirchenStadt;Coesfeld;Dueren;SolingenStadt;Marburg_BiedenkopfLand,3.0,150.0
H. Jürgens KG,"26629 Großefehn, Germany",26629,53.39700745,7.598084407266338,70.0,Minden_Luebbecke,3.0,150.0
H. Reuter GmbH,"45127 Essen, Germany",45127,51.45692010953957,7.0109605144224245,70.0,DuesseldorfStadt;Unna;WittenbergLand;Guetersloh;Waldeck_FrankenbergLand,3.0,150.0
H. Timm GmbH,"31515 Wunstorf, Germany",31515,52.43251098172597,9.404135345901583,70.0,BraunschweigStadt;PeineLand;HolzmindenLand;OsnabrueckStadt;SalzgitterStadt,3.0,150.0
H.-D. Ruß GmbH Energietechnik,"65201 Wiesbaden, Germany",65201,50.05297929511993,8.184961236413107,70.0,WetterauLand;KoblenzStadt;EifelBitburg_PruemLand;Limburg_WeilburgLand;AschaffenburgLand,3.0,150.0
Haas + Mandau GmbH,"79541 Lörrach, Germany",79541,47.64014375,7.690329139447585,70.0,Breisgau_Hochschwarzwald,3.0,150.0
Haberland Heizung-Sanitär GmbH,"09390 Gornsdorf, Germany",9390,50.7085981,12.884694129703298,70.0,MittelsachsenLand;WeimarerLandLand;ZwickauLand;Groß_GerauLand,3.0,150.0
Hafner-Muschler Kälte- und Klimatechnik GmbH & Co KG,"72336 Balingen, Germany",72336,48.265537174370785,8.862248307617705,70.0,FreudenstadtLand;UlmUniversitaetsstadtStadt;KarlsruheStadtStadt;Schwarzwald_Baar_Land,3.0,150.0
Handelshof Bautzen GmbH,"02625 Bautzen, Germany",2625,51.1812160437654,14.430411527013819,70.0,CottbusStadt,3.0,150.0
Handrick & Schumann GmbH,"09337 Callenberg, Germany",9337,50.81135948240723,12.693843979859496,70.0,KyffhaeuserLand;DresdenStadt;LeipzigLand;JenaStadt,3.0,150.0
"HANS BÖHM Sanitär-, Solar- und Heizungstechnik","42657 Solingen, Germany",42657,51.14989673813634,7.0666252556402815,70.0,Kleve;HagenStadt;Recklinghausen;Siegen_Wittgenstein;Olpe,3.0,150.0
Hans Meirandres GmbH,"83022 Rosenheim, Germany",83022,47.85588381173346,12.127475219893961,70.0,FreisingLand;Aichach_FriedbergLand;BerchtesgadenerLandLand;Nuernberg,3.0,150.0
Hans Schramm GmbH & Co. KG,"80337 Munich, Germany",80337,48.127235419309905,11.557971683374946,70.0,TraunsteinLand;RegensburgLandLand;SaaleLand,3.0,150.0
Hans und Fred Brandstetter,"72622 Nürtingen, Germany",72622,48.61646925,9.352172477509347,70.0,Rhein_Neckar_Land;RottweilLand;LandauinderPfalzStadt,3.0,150.0
Hans Zacher GmbH - Zacher Welten,"55543 Bad Kreuznach, Germany",55543,49.83861100243044,7.865336376052836,70.0,OffenbachLand;Neustadta.d.Aisch_BadW.;NeunkirchenLand;LudwigshafenamRheinStadt;HeidelbergStadtStadt,3.0,150.0
Hans-Peter Stritt,"78628 Rottweil, Germany",78628,48.17000845,8.657361158909007,70.0,RottweilLand;GoeppingenLand,3.0,150.0
Harald Schütz Heizungsbau & Sanitär GmbH,"97355 Kleinlangheim, Germany",97355,49.75532955,10.34332367108848,70.0,Bayreuth;KulmbachLand;WetterauLand;SchweinfurtLandLand;Fuerth,3.0,150.0
Harry Schieck GmbH,"09130 Chemnitz, Germany",9130,50.83674533062659,12.946537435216985,70.0,MittelsachsenLand;ZwickauLand,3.0,150.0
Haubrich GmbH,"46045 Oberhausen, Germany",46045,51.46650437671099,6.858076538889388,70.0,Hochsauerland;Kleve;Warendorf;Rhein_Erft_;LeverkusenStadt,3.0,150.0
Hausmann GmbH,"26689 Apen, Germany",26689,53.2103818,7.778254061281962,70.0,OldenburgLand;RotenburgWuemmeLand,3.0,150.0
Hausmann Haustechnik GmbH & Co. KG,"91154 Roth, Germany",91154,49.23688415,11.118101625557133,70.0,Fuerth;ForchheimLand;KulmbachLand;Muehldorfa.InnLand,3.0,150.0
Haustechnik Hart GmbH & CO. KG,"97222 Rimpar, Germany",97222,49.8909863,9.956505744419953,70.0,Main_Kinzig_Land;SchweinfurtLandLand;FrankfurtOderStadt;Main_SpessartLand,3.0,150.0
Haustechnik Kröber,"56244 Schenkelberg, Germany",56244,50.54272819564337,7.795634866486705,70.0,Rhein_Hunsrueck_Land;GießenLand;Cochem_ZellLand;Rhein_Sieg_,3.0,150.0
Haustechnik Neuroth GmbH,"58730 Fröndenberg-Dellwig, Germany",58730,51.4982107,7.771055687019937,70.0,AltenkirchenWesterwald;BonnStadt;Hersfeld_RotenburgLand;BielefeldStadt;WartburgLand,3.0,150.0
Haustechnik Scherer GmbH,"66128 Saarbrücken, Germany",66128,49.23570426713049,6.916979520267942,70.0,Bernkastel_WittlichLand;Merzig_WadernLand;Saarpfalz_Land;ZweibrueckenStadt;KuselLand,3.0,150.0
Haustechnik Team GmbH,"01324 Dresden, Germany",1324,51.06087330513052,13.841753036483667,70.0,Groß_GerauLand;ZwickauLand,3.0,150.0
Haustechnik Thallwitz GmbH,"04808 Thallwitz, Germany",4808,51.3843451,12.80659762365498,70.0,AltenburgerLandLand;HalleSaaleStadt,3.0,150.0
Haustechnik Voßwinkel GmbH,"51515 Kürten, Germany",51515,51.03651495,7.253692842909089,70.0,MuensterStadt;Soest;WittenbergLand,3.0,150.0
Haustechnik-Feldmann,"31812 Bad Pyrmont, Germany",31812,51.966026299999996,9.309002091493305,70.0,NordhausenLand;WolfenbuettelLand;RegionHannoverLand,3.0,150.0
Heimö L. Möbius & Co. GmbH,"06886 Wittenberg, Germany",6886,51.87596541916008,12.632451301792868,70.0,Teltow_FlaemingLand,3.0,150.0
Heine GmbH & Co. KG - Heizung - Sanitär - Klima,"32278 Kirchlengern, Germany",32278,52.21778415,8.652256667496621,70.0,DiepholzLand;BielefeldStadt;OsnabrueckLand;Warendorf;HolzmindenLand,3.0,150.0
Heinz Burkhardt GmbH & Co. KG,"75389 Neuweiler, Germany",75389,48.67144245,8.609554538138532,70.0,NeustadtanderWeinstraße;OrtenauLand;TuttlingenLand,3.0,150.0
Heinz Zoch GmbH,"27751 Delmenhorst, Germany",27751,53.06799295,8.673102888934274,70.0,WilhelmshavenStadt;AmmerlandLand,3.0,150.0
Heinz-Jürgen Schröter GmbH,"01796 Pirna, Germany",1796,50.94704085,13.950557187173894,70.0,SaechsischeSchweiz_Osterz,3.0,150.0
Heizen for You VOGEL GmbH - HEIZUNGEN + BÄDER,"99438 Bad Berka, Germany",99438,50.89924634545694,11.266938632485221,70.0,ErfurtStadt,3.0,150.0
Heiztechnik Mengel,"64401 Groß-Bieberau, Germany",64401,49.78573040000001,8.815546593986621,70.0,AhrweilerLand;GießenLand;Limburg_WeilburgLand;HohenloheLand;MannheimUniversitaetsstadt,3.0,150.0
Heizung & Sanitär Achim Hambücken,"50859 Köln Lövenich, Germany",50859,50.954394861787776,6.831075807458898,70.0,Rhein_Neuss;MuelheimanderRuhrStadt;Dueren;NeuwiedLand;DuisburgStadt,3.0,150.0
Heizung Notdienst Berlin,"12161 Berlin, Germany",12161,52.47067685,13.326061823459206,70.0,BerlinBundesland;SalzlandLand,3.0,150.0
Heizung-Sanitär-Lüftung GmbH,"45884 Gelsenkirchen, Germany",45884,51.491782395705464,7.0844184735310005,70.0,BochumStadt;Wesel,3.0,150.0
Hengmith Kälte- Klima- Technik GmbH,"73095 Albershausen, Germany",73095,48.69391116679419,9.56289519861636,70.0,HohenloheLand;LudwigsburgLand,3.0,150.0
HERCO Kühltechnik Hermanns u. Co. GmbH,"46485 Wesel, Germany",46485,51.665973765835005,6.644380459407362,70.0,DortmundStadt;KrefeldStadt;Ennepe_Ruhr_,3.0,150.0
HERKT GmbH HEIZUNG SANITAER,"03042 Cottbus, Germany",3042,51.75595702317929,14.362796708649347,70.0,DresdenStadt,3.0,150.0
Hermann Schmitt GmbH,"66679 Losheim-Rimlingen, Germany",66679,49.50557638701636,6.738577974563169,70.0,Merzig_WadernLand;SuedwestpfalzLand,3.0,150.0
"Hermann-Josef Cleve, Sanitär- und Heizungstechnik e.K. - Inh. Michael Cleve","41462 Neuss, Germany",41462,51.21565543410996,6.666674339199691,70.0,Viersen;Unna;DortmundStadt;Coesfeld;DuisburgStadt,3.0,150.0
Hess Kälte & Klimatechnik GmbH,"83098 Brannenburg, Germany",83098,47.7292573,12.0626848729504,70.0,Pfaffenhofena.d.IlmLand;BerchtesgadenerLandLand,3.0,150.0
Hesse Bad+Heizung GmbH & Co. KG,"58239 Schwerte, Germany",58239,51.43065445,7.5680478694126965,70.0,Coesfeld;Paderborn,3.0,150.0
Hesselbach GmbH,"42853 Remscheid, Germany",42853,51.18307049191557,7.183036678192349,70.0,Mettmann;MuelheimanderRuhrStadt;Heinsberg;KoblenzStadt;Oberbergischer,3.0,150.0
HIDROS Deutschland,"53359 Rheinbach, Germany",53359,50.62008562806643,6.9505987095340656,70.0,Cochem_ZellLand;HerneStadt;LeverkusenStadt;Siegen_Wittgenstein;DuisburgStadt,3.0,150.0
Höber GmbH,"94034 Passau, Germany",94034,48.593963,13.44984601832506,70.0,Landshut;RegensburgLandLand,3.0,150.0
Höfer GmbH,"56170 Bendorf, Germany",56170,50.43208246253788,7.5744465593265415,70.0,DuesseldorfStadt;GießenLand;Rhein_Pfalz_Land,3.0,150.0
Höffken GmbH,"47057 Duisburg-Neudorf, Germany",47057,51.42467784308181,6.788731937895683,70.0,EmslandLand;Rhein_Neuss;Rhein_Erft_;MuelheimanderRuhrStadt,3.0,150.0
Holz und Sonne - GmbH,"76855 Annweiler, Germany",76855,49.20795985,7.963378951198412,70.0,Dillingena.d.DonauLand;KaiserslauternLand;Darmstadt,3.0,150.0
Hopff e.K. Bäder - Sanitär - Heizungsanlagen,"46047 Oberhausen, Germany",46047,51.476079601644834,6.8806124027035045,70.0,Recklinghausen;NeuwiedLand;Rhein_Neuss;MuelheimanderRuhrStadt,3.0,150.0
Horst Hüller GmbH,"38446 Wolfsburg, Germany",38446,52.37507955,10.834302226506944,70.0,UelzenLand;SalzgitterStadt;Hameln_PyrmontLand;WolfenbuettelLand;CelleLand,3.0,150.0
HRV Kälte-Klima GmbH Kälte - Klima - Lüftungsbau,"52068 Aachen, Germany",52068,50.77658938846035,6.123028043888652,70.0,Rhein_Erft_,3.0,150.0
HSB Seefeldt GmbH,"47877 Willich, Germany",47877,51.26128575,6.523193167643982,70.0,Wesel;RemscheidStadt;Dueren,3.0,150.0
HSF Künzel GmbH,"04509 Delitzsch, Germany",4509,51.5159616,12.361533604221835,70.0,OberhavelLand;NordsachsenLand;Anhalt_BitterfeldLand,3.0,150.0
Hübner GmbH Gebäudetechnik,"74743 Seckach, Germany",74743,49.43584894999999,9.337599991895537,70.0,WiesbadenLandeshauptstadt;Main_Kinzig_Land;SpeyerStadt;BadKissingenLand;Schweinfurt,3.0,150.0
Huhn Haustechnik GmbH,"61348 Bad Homburg, Germany",61348,50.226414956668435,8.61137138590495,70.0,EifelBitburg_PruemLand;NeuwiedLand;Mainz_BingenLand;Aschaffenburg;WiesbadenLandeshauptstadt,3.0,150.0
Hunke GmbH - Heizung - Sanitär,"59427 Unna, Germany",59427,51.53448865,7.783236477141997,70.0,Rhein_Sieg_;OsnabrueckStadt;HagenStadt;BonnStadt;MuelheimanderRuhrStadt,3.0,150.0
Hüttenbrauck Kälte-Klimatechnik GmbH,"56077 Koblenz, Germany",56077,50.36341270616408,7.626696871244946,70.0,GrafschaftBentheimLand;NeuwiedLand;Rhein_Pfalz_Land;Alzey_WormsLand;OffenbachamMainStadt,3.0,150.0
hydro-fact Matthias Maaßen,"52525 Heinsberg, Germany",52525,51.059312899999995,6.068108468436552,70.0,MoenchengladbachStadt;Hochsauerland,3.0,150.0
Hydrodrill Bohrgesellschaft GbR,"89362 Offingen, Germany",89362,48.48083935,10.374658626214856,70.0,BoeblingenLand;GuenzburgLand;GoeppingenLand;Weißenburg_Gunzenhausen;LudwigsburgLand,3.0,150.0
Igor Berezin Meisterbetrieb,"58644 Iserlohn, Germany",58644,51.34047465,7.685585893779902,70.0,AltenkirchenWesterwald;Oberbergischer;BonnStadt;Olpe;OberhausenStadt,3.0,150.0
Ing. D. Raubald GmbH,"38855 Wernigerode, Germany",38855,51.841250696509974,10.786177770142162,70.0,NordhausenLand;Dessau_RosslauStadt;HildesheimLand,3.0,150.0
Ing. Fritz Bissert GmbH & Co. KG,"65719 Hofheim, Germany",65719,50.0858055028915,8.414573282231519,70.0,NeuwiedLand;FrankfurtamMainStadt;VogelsbergLand;Rhoen_GrabfeldLand;Rhein_Sieg_,3.0,150.0
Innovative Bausysteme GmbH,"09669 Frankenberg, Germany",9669,50.9187702,13.084682243748412,70.0,WeimarStadt,3.0,150.0
ISH Innovative Sanitär- & Heizungstechnik,"19386 Lübz, Germany",19386,53.4641591169203,12.052273945037255,70.0,LueneburgLand;Luechow_DannenbergLand,3.0,150.0
ITE Industrievertretung Torsten Enders,"09496 Pobershau, Germany",9496,50.6009442,13.18666708507275,70.0,MittelsachsenLand;HofLandLand;ZwickauLand,3.0,150.0
Jakob Drehwald GmbH,"55116 Mainz, Germany",55116,49.99931595978293,8.270097236355854,70.0,LudwigshafenamRheinStadt;GrafschaftBentheimLand;PirmasensStadt,3.0,150.0
Jan Labanc,"54310 Ralingen, Germany",54310,49.806306795802925,6.514866688668237,70.0,RegionalverbandSaarbruecken;SuedwestpfalzLand;Merzig_WadernLand,3.0,150.0
JANSSEN CARL HEINZ GmbH,"31061 Alfeld (Leine), Germany",31061,51.98658215705693,9.815952780933713,70.0,Guetersloh;WolfsburgStadt,3.0,150.0
Johann Nendel Sanitär- und Heizungstechnik GmbH,"91056 Erlangen, Germany",91056,49.58910585,10.954376203489751,70.0,EichstaettLand;ForchheimLand,3.0,150.0
Johann Schwaiger GmbH,"83471 Berchtesgaden, Germany",83471,47.5932254,13.005234541566713,70.0,BerchtesgadenerLandLand,3.0,150.0
Johs. Lenz GmbH,"22113 Oststeinbek, Germany",22113,53.53422687958341,10.149538576957653,70.0,Soltau_FallingbostelLand;HamburgBundesland,3.0,150.0
Jordan & Kremer GmbH,"60316 Frankfurt am Main, Germany",60316,50.1207448414116,8.696526018402373,70.0,Mainz_BingenLand;Lahn_Dill_Land;Neustadta.d.Aisch_BadW.,3.0,150.0
Julius Gaiser GmbH & Co. KG,"89077 Ulm, Germany",89077,48.3923482,9.97116408139515,70.0,GoeppingenLand;LandsbergamLechLand;Memmingen;BiberachLand;UlmUniversitaetsstadtStadt,3.0,150.0
JUNG GmbH Sanitär & Heizungstechnik,"44797 Bochum, Germany",44797,51.43057868998478,7.230033332263187,70.0,OsnabrueckLand;BonnStadt;StaedteregionAachen;SolingenStadt;HagenStadt,3.0,150.0
Jura-Kälte GmbH,"91180 Heideck, Germany",91180,49.12984735,11.11535641255102,70.0,UnterallgaeuLand;Bayreuth;HarburgLand;AugsburgLandLand;KulmbachLand,3.0,150.0
Jürgen Heitger Ing. GmbH,"22419 Hamburg, Germany",22419,53.66578433562939,10.004295775929423,70.0,UelzenLand;DelmenhorstStadt;Rendsburg_Eckernfoerde,3.0,150.0
Jurisch Haustechnik GmbH,"01917 Kamenz/ OT Deutschbaselitz, Germany",1917,51.27948228345078,14.095569306166885,70.0,MittelsachsenLand,3.0,150.0
JW Haustechnik GmbH,"65760 Eschborn, Germany",65760,50.150552887426564,8.55976214056235,70.0,Main_Taunus_Land;KaiserslauternLand;Mainz_BingenLand;Main_SpessartLand;KarlsruheLandLand,3.0,150.0
K +K Kälte-Klimatechnik,"68723 Oftersheim, Germany",68723,49.3872508121821,8.578783023857456,70.0,Rems_Murr_Land;NeunkirchenLand;Neustadta.d.Waldnaab;Main_Kinzig_Land;HohenloheLand,3.0,150.0
Kälte Schübl GmbH,"93057 Regensburg, Germany",93057,49.0536886,12.11724016402971,70.0,NuernbergerLandLand;FreisingLand;PassauLandLand;LandshutLandLand;Freyung_GrafenauLand,3.0,150.0
Kälte- und Klimatechnik Hoefer - Inh. Lutz Thurmann,"29303 Bergen, Germany",29303,52.8061353,9.925799032642852,70.0,StadeLand,3.0,150.0
Kälte-Bast GmbH,"22525 Hamburg, Germany",22525,53.5868646109904,9.922965171616518,70.0,UelzenLand;Ludwigslust_Parchim,3.0,150.0
Kältetechnik Radeck & Jacobsen GmbH,"14513 Teltow, Germany",14513,52.38268460000001,13.276557558292842,70.0,PrignitzLand;BurgenlandLand,3.0,150.0
Karl Göpfert GmbH,"83512 Wasserburg, Germany",83512,48.04986725,12.20508993512868,70.0,OberallgaeuLand;StarnbergLand;EbersbergLand;Aichach_FriedbergLand;RegensburgLandLand,3.0,150.0
KEGA Kälte & Klima GmbH,"06313 Wimmelburg, Germany",6313,51.53213385,11.470734686550653,70.0,Dessau_RosslauStadt;BurgenlandLand,3.0,150.0
Kettner GmbH,"71083 Herrenberg, Germany",71083,48.59972965,8.879578306679097,70.0,Rhein_Neckar_Land;TuebingenLand,3.0,150.0
KEUL Fußbodenheizung Estrich-Fußbodenheizung-Baustoffhandel,"56132 Kemmenau, Germany",56132,50.32495954497193,7.694905222389169,70.0,FrankfurtOderStadt,3.0,150.0
Kinsky Dipl.-Ing. Alexander Henn eK,"58285 Gevelsberg, Germany",58285,51.335113899999996,7.353584382147622,70.0,WittenbergLand;Coesfeld;HammStadt;Euskirchen;Mettmann,3.0,150.0
KKM Haustechnik GmbH,"50823 Cologne, Germany",50823,50.94975484721943,6.923365932724571,70.0,HerneStadt;GelsenkirchenStadt;GrafschaftBentheimLand;Rhein_Neuss,3.0,150.0
KKT Kratochwil GmbH,"99974 Mühlhausen/Thüringen, Germany",99974,51.2375983,10.461968567185986,70.0,FuldaLand,3.0,150.0
Klima Jentzsch GmbH,"01623 Leuben-Schleinitz, Germany",1623,51.20609075,13.307003750735948,70.0,MeißenLand;MittelsachsenLand;GreizLand,3.0,150.0
"KLU Klima-, Luft- und Umwelttechnik Duisburg GmbH","47167 Duisburg, Germany",47167,51.5008097863635,6.798403596438563,70.0,Oberbergischer;BochumStadt;EmslandLand,3.0,150.0
KNIXA industrie + haustechnik GmbH,"92318 Neumarkt, Germany",92318,49.27806195,11.487427901978727,70.0,VerdenLand;Bayreuth;Ingolstadt;Main_SpessartLand;Wunsiedeli.Fichtelgebirge,3.0,150.0
Knothe Sanitär _ Heizung - Elektro GmbH,"44263 Dortmund, Germany",44263,51.48954256743802,7.503768132969682,70.0,MoenchengladbachStadt;Unna,3.0,150.0
KOESTER HEINRICH GmbH CO KG,"38100 Braunschweig, Germany",38100,52.26397406103293,10.522687376505996,70.0,Hameln_PyrmontLand,3.0,150.0
Kopp GmbH HLS-Technik,"94258 Frauenau, Germany",94258,48.98351990000001,13.336617166211223,70.0,DeggendorfLand;Straubing,3.0,150.0
Kopp Haustechnik GmbH,"34225 Baunatal, Germany",34225,51.25452599657428,9.412648631962307,70.0,HolzmindenLand;Hersfeld_RotenburgLand;Unna;Goettingen;Guetersloh,3.0,150.0
Kraft GmbH,"34125 Kassel, Germany",34125,51.32889102565989,9.525132552370085,70.0,Werra_Meißner_Land;Goettingen;GoslarLand,3.0,150.0
Krämer Erdwärme GmbH,"76706 Dettenheim-Rußheim, Germany",76706,49.1725647319272,8.41991459627964,70.0,FrankfurtOderStadt;LudwigshafenamRheinStadt;KarlsruheStadtStadt;SpeyerStadt;KaiserslauternStadt,3.0,150.0
Krause Schwimmbad-Technik,"21714 Hammah, Germany",21714,53.61944936979165,9.369493754359851,70.0,NeumuensterStadt;CuxhavenLand,3.0,150.0
KS Anlagentechnik GmbH,"03222 Lübbenau /Spreewald, Germany",3222,51.83217335,13.939672828089636,70.0,Potsdam_MittelmarkLand;Maerkisch_OderlandLand,3.0,150.0
"KS Kälte-, Klima- und Lüftungstechnik GmbH","55543 Bad Kreuznach, Germany",55543,49.83861100243044,7.865336376052836,70.0,SuedwestpfalzLand;MainzStadt;Rheingau_Taunus_Land;Limburg_WeilburgLand;Trier_SaarburgLand,3.0,150.0
Kühhorn GmbH,"90613 Großhabersdorf, Germany",90613,49.4101744,10.783981966938763,70.0,BambergLandLand;Main_Tauber_Land;Amberg_SulzbachLand;Erlangen_HoechstadtLand;RegensburgLandLand,3.0,150.0
Kunkel GmbH,"44359 Dortmund, Germany",44359,51.568787245417155,7.386722772068759,70.0,Euskirchen;DuesseldorfStadt;Hochsauerland;Coesfeld,3.0,150.0
Kupka GmbH,"44579 Castrop-Rauxel, Germany",44579,51.581497813456345,7.306871251317563,70.0,KrefeldStadt;Coesfeld;Borken;Rhein_Neuss;Unna,3.0,150.0
Kurt Höfflin Kälte- Klimatechnik,"79268 Bötzingen, Germany",79268,48.07143163108219,7.717286259929062,70.0,SigmaringenLand;RastattLand;EnzLand;EmmendingenLand,3.0,150.0
Kurtz Versorgungstechnik GmbH,"83543 Rott am Inn, Germany",83543,47.9875679,12.12717886208296,70.0,SaaleLand;EichstaettLand;Rheinisch_Bergischer,3.0,150.0
Lars Stoll GmbH Technischer Gebäudeservice,"20459 Hamburg, Germany",20459,53.547298311922006,9.979554249436212,70.0,Steinburg;Ludwigslust_Parchim;Ploen;Nordfriesland;KielLandeshauptstadt,3.0,150.0
Lenz GmbH,"53639 Königswinter, Germany",53639,50.70142452814435,7.240760463435367,70.0,Mayen_KoblenzLand;AltenkirchenWesterwald;Hochsauerland;Rhein_Lahn_Land;Limburg_WeilburgLand,3.0,150.0
Leo Beckmann GmbH,"48341 Münster-Altenberge, Germany",48341,52.04249085,7.478208862605294,70.0,DortmundStadt;Maerkischer;WittenbergLand;SolingenStadt;GelsenkirchenStadt,3.0,150.0
LET Löwer & Co. GmbH,"34277 Fuldabrück-Dörnhagen, Germany",34277,51.24165207038556,9.501096113444722,70.0,ErfurtStadt;Guetersloh;Goettingen;Soest;BielefeldStadt,3.0,150.0
"Leuendorff Gebäudetechnik, Energie- und Mineralölhandel GmbH","13125 Berlin, Germany",13125,52.63700179999999,13.487047653624193,70.0,Teltow_FlaemingLand;Elbe_ElsterLand,3.0,150.0
Liekam Haustechnik GmbH,"49076 Osnabrück, Germany",49076,52.28193249131152,8.019437376982838,70.0,Paderborn;BochumStadt;Minden_Luebbecke;CloppenburgLand;EssenStadt,3.0,150.0
Lindemann Haustechnik GmbH & Co. KG,"44879 Bochum-Linden, Germany",44879,51.42988830225409,7.161485465236468,70.0,Ennepe_Ruhr_;Mettmann,3.0,150.0
Lorenz Heizung - Lüftung - Klima GmbH,"61209 Echzell / Gettenau, Germany",61209,50.38843645,8.894802547841001,70.0,FrankfurtOderStadt;Main_Kinzig_Land;NeuwiedLand,3.0,150.0
Löser + Anspach GmbH,"56070 Koblenz, Germany",56070,50.374941338367435,7.588230976525044,70.0,KoblenzStadt;Olpe;DuesseldorfStadt;OffenbachamMainStadt,3.0,150.0
Lothar Dörr e.K.,"55120 Mainz, Germany",55120,50.019150666074935,8.22484169417063,70.0,Alzey_WormsLand;VulkaneifelLand;Rheingau_Taunus_Land;MiltenbergLand;LudwigshafenamRheinStadt,3.0,150.0
Lothar Stefke Kälte und Klimatechnik,"74252 Massenbachhausen, Germany",74252,49.17689122434437,9.04800011982916,70.0,Rhein_Pfalz_Land;Darmstadt_DieburgLand;KarlsruheStadtStadt;AschaffenburgLand;HeilbronnStadtStadt,3.0,150.0
Lotter Metall GmbH + Co.KG,"04552 Borna / OT Zedtlitz, Germany",4552,51.12067865,12.504781113050988,70.0,GreizLand;Unstrut_Hainich_Land;MittelsachsenLand,3.0,150.0
Lüftungs Heizungs Sanitär Anlagenbau GmbH,"06779 Raguhn, Germany",6779,51.7457778,12.253127188110295,70.0,Oder_SpreeLand;BrandenburganderHavel,3.0,150.0
Lutz Elektro u. Sanitär GmbH,"38239 Salzgitter, Germany",38239,52.18084481354322,10.465228935962603,70.0,BoerdeLand;Mansfeld_SuedharzLand;StendalLand;WolfenbuettelLand,3.0,150.0
Maier & Sohn GmbH & Co. KG,"86381 Krumbach, Germany",86381,48.243257345440114,10.369003916739796,70.0,SigmaringenLand;StuttgartLandeshauptstadt;EsslingenLand;ReutlingenLand;EichstaettLand,3.0,150.0
MAMMUT Kühlanlagen GmbH,"57250 Netphen, Germany",57250,50.904191851420286,8.120871449084309,70.0,AhrweilerLand;Oberbergischer;WittenbergLand;Cochem_ZellLand;Limburg_WeilburgLand,3.0,150.0
Manfred Graf GmbH,"76185 Karlsruhe, Germany",76185,49.012034475458535,8.35992624112265,70.0,KaiserslauternLand;OrtenauLand;Rhein_Neckar_Land;RastattLand;Main_Taunus_Land,3.0,150.0
Manfred Mayer Bauspenglerei Sanitär Heizung,"89192 Rammingen, Germany",89192,48.51582982732211,10.169150768126306,70.0,PforzheimStadtStadt;BadToelz_Wolfratshausen;ReutlingenLand;HeidenheimLand;LindauBodenseeLand,3.0,150.0
Marc Schmitz GmbH,"50933 Cologne, Germany",50933,50.941612258810395,6.881430488163072,70.0,HerneStadt;Soest;Heinsberg;HammStadt;KoblenzStadt,3.0,150.0
Marcel Winkel poolshop123,"23566 Lübeck, Germany",23566,53.86856148943599,10.7257835740325,70.0,NeumuensterStadt;Rostock,3.0,150.0
MARIO SCHÖPE - Der Bad-Profi,"76228 Karlsruhe, Germany",76228,48.9602234849485,8.478237415497183,70.0,HeidelbergStadtStadt;BodenseeLand;BoeblingenLand;SuedlicheWeinstraßeLand;OdenwaldLand,3.0,150.0
Mark Ellendt,"27299 Langwedel, Germany",27299,53.00272385,9.181585744284812,70.0,CloppenburgLand;Pinneberg;PeineLand,3.0,150.0
Markus Schwich GmbH,"21357 Bardowick, Germany",21357,53.29825938703953,10.382503324264388,70.0,Soltau_FallingbostelLand,3.0,150.0
Marx GmbH,"79541 Lörrach-Brombach, Germany",79541,47.64014375,7.690329139447585,70.0,TuttlingenLand;LoerrachLand,3.0,150.0
Mayer Bauelemente GmbH,"69242 Mühlhausen, Germany",69242,49.248948013549786,8.725313919754116,70.0,BirkenfeldLand;Main_SpessartLand;HeilbronnStadtStadt;LandauinderPfalzStadt;Rhein_Hunsrueck_Land,3.0,150.0
MB Gebäudetechnik GmbH,"71332 Waiblingen, Germany",71332,48.8261624,9.308938599479552,70.0,Ansbach;MiltenbergLand;BoeblingenLand,3.0,150.0
Meisterbetrieb Heinz & Carmen Unterberg GbR,"47228 Duisburg, Germany",47228,51.41659545578077,6.687909816103471,70.0,HagenStadt;GelsenkirchenStadt;KrefeldStadt;MoenchengladbachStadt,3.0,150.0
Meisterbetrieb Jochen Buck,"72584 Hülben, Germany",72584,48.52185255,9.406917775010713,70.0,CalwLand;Alb_Donau_Land,3.0,150.0
Meisterbetrieb Simon Seeler,"87662 Markt Kaltental/Blonhofen, Germany",87662,47.88987885,10.754931798192892,70.0,Kaufbeuren;Augsburg,3.0,150.0
Metzler GmbH & Co KG,"63619 Bad Orb, Germany",63619,50.2273836323813,9.34802912973134,70.0,Aschaffenburg;Mainz_BingenLand;OffenbachLand,3.0,150.0
Meyer & Kohlmann GmbH & Co. KG Kälte- und Klimatechnik Remscheid,"42897 Remscheid, Germany",42897,51.18750523422175,7.264249471013954,70.0,Paderborn;KrefeldStadt;LeverkusenStadt;Guetersloh;Hochsauerland,3.0,150.0
Michael Schuba Klimatechnik,"47877 Willich, Germany",47877,51.26128575,6.523193167643982,70.0,HerneStadt;Maerkischer;EssenStadt;Mettmann;MuensterStadt,3.0,150.0
"Michael Türk Sanitär, Heiz- und Umwelttechnik GmbH","31157 Sarstedt, Germany",31157,52.23643448184512,9.863498880764256,70.0,BremenBundesland;HolzmindenLand;Schwalm_Eder_Land;SalzgitterStadt;Luechow_DannenbergLand,3.0,150.0
MODULTEQ GmbH & Co. KG,"13156 Berlin, Germany",13156,52.5814116,13.399532797838342,70.0,Teltow_FlaemingLand;PotsdamStadt;PrignitzLand,3.0,150.0
Möhring Versorgungstechnik GmbH & Möhring Gebäudemanagement GmbH,"27572 Bremerhaven, Germany",27572,53.50752888618062,8.598787219167594,70.0,WittmundLand,3.0,150.0
Molderings Haustechnik GmbH,"47647 Kerken-Aldekerk, Germany",47647,51.44834055,6.382046946929046,70.0,Ennepe_Ruhr_;Viersen;HammStadt;KoelnStadt;Recklinghausen,3.0,150.0
MT-Trading oHG,"21077 Hamburg, Germany",21077,53.44131990909587,9.960266915247539,70.0,OldenburgOldenburgStadt;Segeberg;HerzogtumLauenburg;HamburgBundesland,3.0,150.0
MÜHLING-MONTAGEN GmbH,"63920 Großheubach, Germany",63920,49.73466465,9.227454716001066,70.0,Main_SpessartLand;SchwaebischHallLand;Main_Taunus_Land;FrankfurtOderStadt,3.0,150.0
Nadler Klimatechnik AG,"70734 Fellbach, Germany",70734,48.7984177,9.277421726541913,70.0,AnsbachLandLand;EsslingenLand;GuenzburgLand;NeustadtanderWeinstraße;CalwLand,3.0,150.0
NaturEnergieLaden GmbH & Co KG,"38350 Helmstedt, Germany",38350,52.23241984354,11.004073167602053,70.0,BoerdeLand;NortheimLand;WolfsburgStadt;Luechow_DannenbergLand,3.0,150.0
NHW Energieservice GmbH,"21465 Reinbek, Germany",21465,53.52326241318857,10.247788010536448,70.0,NeumuensterStadt;GifhornLand;DelmenhorstStadt,3.0,150.0
Nicoara Wärme-Kälte-Klimatechnik Dipl. Ing. (FH) Lucian Nicoara,"72070 Tübingen, Germany",72070,48.5215327,9.025841165624527,70.0,UlmUniversitaetsstadtStadt;BoeblingenLand;SigmaringenLand,3.0,150.0
Nowak GmbH,"51429 Bergisch Gladbach, Germany",51429,50.96837515,7.1869643908070024,70.0,Hochsauerland;SolingenStadt;BonnStadt;DortmundStadt;WittenbergLand,3.0,150.0
OET Kälte & Wärme GmbH,"48607 Ochtrup, Germany",48607,52.2150857,7.172083783235706,70.0,LeverkusenStadt;Herford;MuelheimanderRuhrStadt;OsnabrueckStadt;Soest,3.0,150.0
OTTO HERMANN GmbH,"82008 Unterhaching, Germany",82008,48.0700547,11.622559599703937,70.0,OberallgaeuLand;Saale_Holzland_Land;MiesbachLand;Weilheim_SchongauLand;Landshut,3.0,150.0
"ÖwA - Öl- und Gasfeuerungen, Wärmetechnische Anlagen GmbH","45468 Mülheim, Germany",45468,51.428493395515076,6.88654066145512,70.0,Wesel;BonnStadt;DortmundStadt;HerneStadt,3.0,150.0
Pasberg & Neitzke GmbH,"31135 Hildesheim, Germany",31135,52.158279938618364,9.976313408682747,70.0,SchaumburgLand;Paderborn;GoslarLand;Herford;HelmstedtLand,3.0,150.0
Paul Heller GmbH & Co. KG,"33739 Bielefeld, Germany",33739,52.08546065157582,8.520940663506645,70.0,HildesheimLand;CelleLand;Hoexter;Kasseldocumenta_Stadt;MuensterStadt,3.0,150.0
Paul Trechten GmbH,"23758 Oldenburg in Holstein, Germany",23758,54.29241968905965,10.884947998949935,70.0,SchwerinLandeshauptstadt,3.0,150.0
PEKER Sanitär-Heizung-Solar,"68229 Mannheim, Germany",68229,49.43942614667819,8.576346447777192,70.0,AschaffenburgLand;BoeblingenLand;Darmstadt_DieburgLand;HeilbronnStadtStadt;Dingolfing_LandauLand,3.0,150.0
Pelzl Heizungsbau GmbH,"87600 Kaufbeuren, Germany",87600,47.88185435,10.603651287221377,70.0,UlmUniversitaetsstadtStadt;BadToelz_Wolfratshausen;Augsburg;Memmingen;EbersbergLand,3.0,150.0
Peter Berboth GmbH,"51063 Cologne, Germany",51063,50.96837015015017,7.005581754033276,70.0,BottropStadt;Rhein_Erft_;StaedteregionAachen;KoblenzStadt;Cochem_ZellLand,3.0,150.0
Peter Handrick GmbH,"09337 Callenberg/OT Falken, Germany",9337,50.81135948240723,12.693843979859496,70.0,GreizLand;WeimarerLandLand;ZwickauLand;ErzgebirgsLand,3.0,150.0
Peter Karl GmbH,"90579 Langenzenn, Germany",90579,49.48883485,10.781323586656933,70.0,Weißenburg_Gunzenhausen;KronachLand;KitzingenLand;Main_SpessartLand;HohenloheLand,3.0,150.0
Pfütze GmbH,"77933 Lahr, Germany",77933,48.335528214101146,7.865058977820648,70.0,HeidelbergStadtStadt;KarlsruheLandLand;EmmendingenLand;RottweilLand,3.0,150.0
Pingen Sanitär GmbH,"65843 Sulzbach, Germany",65843,50.13332405,8.532216674360956,70.0,Mainz_BingenLand;WetterauLand;NeustadtanderWeinstraße;Siegen_Wittgenstein;Waldeck_FrankenbergLand,3.0,150.0
PLA Pumpen- und Anlagenbau GmbH,"24568 Kaltenkirchen, Germany",24568,53.83219062345485,9.955560250683158,70.0,Ploen;BremenBundesland;RotenburgWuemmeLand,3.0,150.0
PMW Pumpen- und Maschinentechnik GmbH,"34576 Homberg-Berge, Germany",34576,51.02987919993263,9.417879160703992,70.0,NordhausenLand;KasselLand;NortheimLand,3.0,150.0
Poolservice-Salm,"55471 Biebern, Germany",55471,49.98638590590153,7.446717489006335,70.0,Bernkastel_WittlichLand;PirmasensStadt;Limburg_WeilburgLand;SpeyerStadt;NeuwiedLand,3.0,150.0
"Pries Heiztechnik, Inhaber: Anton Pries","90522 Oberasbach, Germany",90522,49.4236043,10.970870907734694,70.0,RothLand;Bayreuth;Bamberg;SaaleLand,3.0,150.0
PRIMATHERM® - Systemtechnik GmbH,"88480 Ulm, Germany",88480,48.26129858935187,9.916640801275186,70.0,Aichach_FriedbergLand;RottweilLand;GuenzburgLand;UlmUniversitaetsstadtStadt,3.0,150.0
Putzmeister Holding GmbH,"72631 Aichtal, Germany",72631,48.62785065,9.252390680962806,70.0,LandauinderPfalzStadt;StuttgartLandeshauptstadt;CalwLand;GoeppingenLand;SchwaebischHallLand,3.0,150.0
Räder & Fries GmbH,"67550 Worms-Abenheim, Germany",67550,49.67746231299522,8.329233579652946,70.0,Alzey_WormsLand;FrankenthalPfalzStadt;Dillingena.d.DonauLand;AschaffenburgLand;OffenbachamMainStadt,3.0,150.0
"Randecker GmbH, Sanitär- und Heizungsbau","72581 Dettingen an der Erms, Germany",72581,48.5267153,9.360576557616142,70.0,LandauinderPfalzStadt;Rems_Murr_Land;GoeppingenLand,3.0,150.0
Reichstädter Heizungsbau GmbH,"01744 Dippoldiswalde OT Reichstädt, Germany",1744,50.88174377605068,13.662438916422794,70.0,ErzgebirgsLand,3.0,150.0
Reimann Innovation und Umwelt,"03051 Cottbus, Germany",3051,51.71527720054167,14.35840007574787,70.0,BarnimLand,3.0,150.0
Reinhold Wenz & Söhne GmbH,"65329 Hohenstein - Breithardt, Germany",65329,50.19573513092786,8.100996527008494,70.0,Rheingau_Taunus_Land;OffenbachamMainStadt;AschaffenburgLand;Dingolfing_LandauLand,3.0,150.0
Remmetz Sanitär · Heizungstechnik,"47803 Krefeld, Germany",47803,51.34670742632783,6.551211758057383,70.0,Borken;Maerkischer;RemscheidStadt;KrefeldStadt,3.0,150.0
renopan AG,"53619 Rheinbreitbach, Germany",53619,50.620476927117615,7.232342414202106,70.0,DortmundStadt;GrafschaftBentheimLand;BottropStadt;StaedteregionAachen;Viersen,3.0,150.0
RIES GmbH,"64569 Nauheim, Germany",64569,49.952850700000006,8.462535727778182,70.0,SuedlicheWeinstraßeLand;Marburg_BiedenkopfLand;Rheingau_Taunus_Land;Main_Tauber_Land;AltenkirchenWesterwald,3.0,150.0
Rische Kälte- und Klimatechnik GmbH,"56751 Polch, Germany",56751,50.29831323885786,7.311690430443423,70.0,Mettmann;Alzey_WormsLand;OffenbachLand;RemscheidStadt;DuesseldorfStadt,3.0,150.0
RK-COOL GmbH,"03042 Cottbus, Germany",3042,51.75595702317929,14.362796708649347,70.0,Dahme_SpreewaldLand;CottbusStadt;GoerlitzLand;UckermarkLand,3.0,150.0
RK-Haustechnik GmbH,"86343 Königsbrunn, Germany",86343,48.26094685,10.885834557912528,70.0,GuenzburgLand;LandshutLandLand;Schwabach;UnterallgaeuLand;StarnbergLand,3.0,150.0
Robert Frenzel Sanitärinstallations- und Heizungsbau GmbH,"27619 Schiffdorf-Spaden, Germany",27619,53.54569511658478,8.671585249027254,70.0,WittmundLand;StadeLand;AmmerlandLand;DiepholzLand,3.0,150.0
Roland Gageur Elektrotechnik GmbH,"22399 Hamburg, Germany",22399,53.66383835400708,10.07222290568866,70.0,StadeLand;KielLandeshauptstadt,3.0,150.0
Roland Hellmann GmbH,"42857 Remscheid, Germany",42857,51.17330656514413,7.163827766990149,70.0,Steinfurt;Euskirchen;LeverkusenStadt;Rhein_Erft_;Coesfeld,3.0,150.0
Rose Elektrotechnik GmbH,"17094 Burg Stargard, Germany",17094,53.49269455620858,13.302271999205756,70.0,,3.0,150.0
Roter Kältetechnik GmbH,"30855 Langenhagen, Germany",30855,52.4581620272725,9.71211291325677,70.0,Minden_Luebbecke;BraunschweigStadt;GifhornLand,3.0,150.0
ROTEX Heating Systems GmbH,"74363 Güglingen, Germany",74363,49.06806048803568,9.012564783491383,70.0,DonnersbergLand;BodenseeLand;BadKissingenLand;MannheimUniversitaetsstadt,3.0,150.0
ROTH INDUSTRIES GMBH & CO. KG,"35232 Dautphetal, Germany",35232,50.85216556642339,8.578614910328774,70.0,KoblenzStadt;Kasseldocumenta_Stadt;Darmstadt_DieburgLand;AschaffenburgLand;Main_Taunus_Land,3.0,150.0
Rothe Heizung Sanitär,"31848 Bad Münder am Deister, Germany",31848,52.20253710000001,9.4162397123849,70.0,UelzenLand;DiepholzLand;NienburgWeserLand;FrieslandLand;Goettingen,3.0,150.0
RS Sanitär- und Gasheizungsbau GmbH,"52146 Würselen, Germany",52146,50.82927905,6.152075575967594,70.0,Heinsberg;BonnStadt;GelsenkirchenStadt;KrefeldStadt;DortmundStadt,3.0,150.0
Rüdiger Beck Elektrotechnik,"71726 Benningen, Germany",71726,48.94404905742866,9.23956455127868,70.0,GoeppingenLand;WormsStadt;Neustadta.d.Waldnaab,3.0,150.0
Rühle + Wenger GmbH,"70186 Stuttgart (Gablenberg), Germany",70186,48.77595074885236,9.207277036702905,70.0,HeidelbergStadtStadt;GermersheimLand;Neustadta.d.Waldnaab;TuebingenLand;FreudenstadtLand,3.0,150.0
RUHSTRAT Haus- und Versorgungstechnik GmbH,"37079 Göttingen, Germany",37079,51.5481388611715,9.88432321836156,70.0,Ilm_Land;HolzmindenLand;Schmalkalden_Meiningen;HildesheimLand;Hoexter,3.0,150.0
Ruml & Feller GmbH,"86633 Neuburg an der Donau, Germany",86633,48.745628,11.187972867184927,70.0,EichstaettLand;Amberg_SulzbachLand;Neu_UlmLand;AugsburgLandLand;KelheimLand,3.0,150.0
Sanitär- & Heizungstechnik Alfons Höke,"45527 Hattingen, Germany",45527,51.37455775,7.209486897654318,70.0,Coesfeld;Viersen;SolingenStadt;DuesseldorfStadt;BochumStadt,3.0,150.0
Sanitär-Heizung-Solartechnik Inh. Peer Schreiner,"59071 Hamm, Germany",59071,51.672150099999996,7.901836743513671,70.0,Waldeck_FrankenbergLand;MuelheimanderRuhrStadt;Kasseldocumenta_Stadt;SchaumburgLand;HagenStadt,3.0,150.0
Sanitärinstallation Hesse GmbH,"01277 Dresden, Germany",1277,51.03733328440829,13.798796977084224,70.0,ChemnitzStadt,3.0,150.0
Sanitärtechnik- Großhandel Reinwald Wagner GmbH,"09514 Lengefeld, Germany",9514,50.731083246661996,13.20168972703138,70.0,ErzgebirgsLand;AltenburgerLandLand,3.0,150.0
Schäffer Haustechnik GmbH,"86348 Kissing, Germany",86348,,,70.0,,3.0,150.0
Scharf GmbH & Co.KG,"64291 Darmstadt, Germany",64291,49.91533383398797,8.657133269360619,70.0,Aschaffenburg;WiesbadenLandeshauptstadt;DonnersbergLand;Dingolfing_LandauLand;WetterauLand,3.0,150.0
Scheffel GmbH & Co. KG,"71277 71277, Germany",71277,48.81094395,8.926513146569139,70.0,TuttlingenLand;Neu_UlmLand;Rhein_Neckar_Land;MannheimUniversitaetsstadt,3.0,150.0
Scheimann Haustechnik GmbH & Co.KG,"12247 Berlin, Germany",12247,52.43894820000001,13.347686072403539,70.0,Potsdam_MittelmarkLand,3.0,150.0
Schenk Sanitär- und Heizungstechnik GmbH,"13437 Berlin, Germany",13437,52.5920686,13.324557725803153,70.0,UckermarkLand,3.0,150.0
"Schlecht Flaschnerei, Sanitär, Heizung","88471 Laupheim, Germany",88471,48.23717186769581,9.901195768848584,70.0,LindauBodenseeLand;HarburgLand;Memmingen;CalwLand,3.0,150.0
Schlecht GmbH,"94234 Viechtach, Germany",94234,49.09077375,12.923882574101086,70.0,SchwandorfLand;VerdenLand,3.0,150.0
"Schmidt Heizung, Sanitär, Solar Freiberg GmbH","09599 Freiberg, Germany",9599,50.91276817184097,13.339268253007527,70.0,MeißenLand;MittelsachsenLand,3.0,150.0
Schmidt+Eger GmbH,"76227 Karlsruhe, Germany",76227,48.9952322662967,8.467449712324074,70.0,StuttgartLandeshauptstadt;ZollernalbLand;NeunkirchenLand;HeilbronnLandLand;BoeblingenLand,3.0,150.0
SCHÖNECKER Gebäudetechnik GmbH,"79110 Freiburg, Germany",79110,48.01580443485866,7.816799330535133,70.0,KonstanzLand;Baden_BadenStadtStadt,3.0,150.0
Schwedisches Wärmepumpen Center,"03042 Cottbus, Germany",3042,51.75595702317929,14.362796708649347,70.0,Oberspreewald_LausitzLand;CottbusStadt;MeißenLand,3.0,150.0
Schwering GmbH,"46286 Dorsten-Rhade, Germany",46286,51.73752594820497,7.000307438813107,70.0,Heinsberg;BochumStadt;HagenStadt;OsnabrueckStadt;Ennepe_Ruhr_,3.0,150.0
Schwuchow Sanitär- und Heizungs GmbH,"12107 Berlin, Germany",12107,52.42826875,13.396522187601605,70.0,BerlinBundesland;Teltow_FlaemingLand;Elbe_ElsterLand;BurgenlandLand;MagdeburgLandeshauptstadt,3.0,150.0
seepex GmbH,"46240 Bottrop, Germany",46240,51.54250187454598,6.945389400523268,70.0,Coesfeld;AltenkirchenWesterwald;Mettmann;Ennepe_Ruhr_;KrefeldStadt,3.0,150.0
Selz & Cie GmbH,"69126 Heidelberg, Germany",69126,49.376832133155354,8.690933393159426,70.0,LudwigshafenamRheinStadt;FrankfurtamMainStadt;MannheimUniversitaetsstadt;AschaffenburgLand;Rhein_Neckar_Land,3.0,150.0
SH Siegerland -SHK Gebäudetechnik,"57258 Freudenberg, Germany",57258,50.89707618615618,7.896759030674017,70.0,OdenwaldLand;OberhausenStadt;WiesbadenLandeshauptstadt;MoenchengladbachStadt;Unna,3.0,150.0
SHK Brodde,"48431 Rheine, Germany",48431,52.275526,7.4263621001627005,70.0,BielefeldStadt;OsnabrueckStadt,3.0,150.0
Siebert Gebäudetechnik GmbH & Co. KG,"34376 Immenhausen, Germany",34376,51.43404365,9.481462955368736,70.0,GothaLand;Hameln_PyrmontLand;Unna;Herford,3.0,150.0
Siegmund & Schulze GmbH,"12524 Berlin, Germany",12524,52.41179,13.548143876466167,70.0,Potsdam_MittelmarkLand;Oder_SpreeLand;CottbusStadt,3.0,150.0
Silbereis GmbH,"69226 Nußloch, Germany",69226,49.32435271383889,8.688085713178133,70.0,LudwigsburgLand;RastattLand;NeustadtanderWeinstraße;PirmasensStadt,3.0,150.0
SINA GmbH,"45239 Essen-Werden, Germany",45239,51.38590086342619,7.012700924034778,70.0,KoelnStadt;MoenchengladbachStadt;HammStadt;EmslandLand,3.0,150.0
Solartec Röder GmbH,"63607 Wächtersbach, Germany",63607,50.264238515060605,9.296386317573523,70.0,MiltenbergLand;Main_SpessartLand;Rhein_Hunsrueck_Land;HeidelbergStadtStadt;Aschaffenburg,3.0,150.0
Sparka Heizung-Sanitär-Klimatechnik,"46147 Oberhausen, Germany",46147,51.54270824966082,6.814471072802732,70.0,DortmundStadt;Olpe;OsnabrueckStadt;Rhein_Sieg_;EssenStadt,3.0,150.0
Speck Gebäudetechnik GmbH,"31311 Uetze, Germany",31311,52.45807897943923,10.160032362671094,70.0,Herford;LueneburgLand,3.0,150.0
Stenzel GmbH,"72760 Reutlingen, Germany",72760,48.51056055922193,9.204636901532034,70.0,ReutlingenLand;KarlsruheStadtStadt;Dingolfing_LandauLand,3.0,150.0
Stephan Simon MEISTER Heizungsbau & Sanitärtechnik,"63073 Offenbach am Main, Germany",63073,50.087265350298175,8.807431052035156,70.0,Siegen_Wittgenstein;KoblenzStadt,3.0,150.0
Stöckicht GmbH Inh. me. Gerald Schwalbach,"65201 Wiesbaden, Germany",65201,50.05297929511993,8.184961236413107,70.0,OffenbachamMainStadt;GrafschaftBentheimLand;Darmstadt;MainzStadt,3.0,150.0
Stoltenberg Energie GmbH,"24217 Schönberg, Germany",24217,54.40152236160996,10.3726234421455,70.0,Ploen;Pinneberg,3.0,150.0
Streicher GmbH - Heizung - Sanitär,"71720 Oberstenfeld, Germany",71720,49.02774327168206,9.330927250115398,70.0,GoeppingenLand;HaßbergeLand;SchwaebischHallLand;UlmUniversitaetsstadtStadt;Darmstadt_DieburgLand,3.0,150.0
Strobel GmbH,"72654 Neckartenzlingen, Germany",72654,48.58466415,9.244140040439877,70.0,LudwigsburgLand;BirkenfeldLand;HeilbronnStadtStadt;GoeppingenLand,3.0,150.0
STULZ GmbH,"22457 Hamburg, Germany",22457,53.63755925783188,9.911021378607174,70.0,Rendsburg_Eckernfoerde;FlensburgStadt,3.0,150.0
Süwag Energie AG,"65929 Frankfurt am Main, Germany",65929,50.10733100329648,8.54034526315714,70.0,Rheingau_Taunus_Land;Aschaffenburg;MiltenbergLand;WormsStadt;Mayen_KoblenzLand,3.0,150.0
Team Gruner,"32120 Hiddenhausen, Germany",32120,52.1558576,8.641268352486497,70.0,Unna;Hoexter;Steinfurt;VechtaLand;BielefeldStadt,3.0,150.0
TECHMASTER GmbH,"72379 Hechingen, Germany",72379,48.35438889208323,8.966252713872871,70.0,Breisgau_Hochschwarzwald;BirkenfeldLand;KarlsruheStadtStadt;BiberachLand;Neckar_Odenwald_,3.0,150.0
teraqsoltec solar,"12687 Berlin, Germany",12687,52.5566249,13.568686168250167,70.0,BarnimLand,3.0,150.0
tetec thermo-technik Müller GmbH & Co. KG,"85386 Eching, Germany",85386,48.29873195,11.613584126603465,70.0,OstallgaeuLand;Saale_Holzland_Land;Pfaffenhofena.d.IlmLand;HarburgLand;Weißenburg_Gunzenhausen,3.0,150.0
Teucher GmbH,"09456 Arnsfeld, Germany",9456,50.5773179,13.058480449557026,70.0,Hof,3.0,150.0
tga-service gmbh,"64372 Ober-Ramstadt, Germany",64372,49.8191469,8.753831940856443,70.0,PforzheimStadtStadt;SuedwestpfalzLand;OffenbachLand;Main_Tauber_Land;MannheimUniversitaetsstadt,3.0,150.0
Thomas Gerold GmbH,"83707 Bad Wiessee-Ringsee, Germany",83707,47.70540485,11.702358922769294,70.0,Weideni.d.OPf.;TraunsteinLand,3.0,150.0
Thorsten Kißler Heizung & Sanitär,"67133 Maxdorf, Germany",67133,49.48710955,8.291270825110098,70.0,Dingolfing_LandauLand;LudwigshafenamRheinStadt,3.0,150.0
Torsten Böres GmbH,"55606 Oberhausen, Germany",55606,49.778942222214546,7.508845865349758,70.0,Saarpfalz_Land;Merzig_WadernLand;AhrweilerLand;VulkaneifelLand;NeustadtanderWeinstraße,3.0,150.0
Torsten Kühl Gas- und Wasserinstallateurmeister,"01640 Coswig, Germany",1640,51.13294032060414,13.574042778331284,70.0,NordsachsenLand;Groß_GerauLand;SaechsischeSchweiz_Osterz;BautzenLand;DresdenStadt,3.0,150.0
Trane Klima- und Kältetechnisches Büro GmbH,"82152 Krailling, Germany",82152,48.0984515,11.427428224225945,70.0,LandsbergamLechLand;Muehldorfa.InnLand;RosenheimLandLand;Weilheim_SchongauLand,3.0,150.0
TRAUB GmbH & Co. Haustechnik KG,"82031 Grunwald, Germany",82031,48.04628985,11.53037938457634,70.0,Rosenheim;Muehldorfa.InnLand;SaaleLand;AugsburgLandLand;Ingolstadt,3.0,150.0
Ullmann Heizungsbau GmbH,"01844 Neustadt, OT Langburkersdorf, Germany",1844,51.03242570000001,14.224107597604851,70.0,MeißenLand,3.0,150.0
Upmeyer Haustechnik GmbH,"49525 Lengerich, Germany",49525,52.16615925,7.837779570123027,70.0,EssenStadt;Herford;Borken;Soest;RemscheidStadt,3.0,150.0
Uponor GmbH,"97437 Hassfurt, Germany",97437,50.042783,10.508615785843995,70.0,Bayreuth;KitzingenLand;SonnebergLand,3.0,150.0
Uwe Felsmann GmbH,"64342 Seeheim, Germany",64342,49.76105295,8.664219196386396,70.0,RastattLand;WormsStadt;MiltenbergLand;AschaffenburgLand;KuselLand,3.0,150.0
Uwe Zimmer Heizung - Sanitär - Dachklempnerarbeiten,"15295 Brieskow-Finkenheerd, Germany",15295,52.24081815,14.592811453849688,70.0,BerlinBundesland;OberhavelLand,3.0,150.0
Versorgungstechnik BSK GmbH,"02625 Bautzen, Germany",2625,51.1812160437654,14.430411527013819,70.0,ChemnitzStadt,3.0,150.0
Volker Blunck GmbH - Heizung - Sanitär - Elektro,"24306 Bösdorf, Germany",24306,54.16196437475096,10.422804842511788,70.0,Dithmarschen;LueneburgLand,3.0,150.0
Volker Kosack - Installateur- & Heizungsbaumeister,"52080 Aachen, Germany",52080,50.7868709001491,6.1483466226711325,70.0,WuppertalStadt;Maerkischer;EssenStadt;GrafschaftBentheimLand;DuisburgStadt,3.0,150.0
VWT Wärmetechnik GmbH,"55129 Mainz, Germany",55129,49.9516888822223,8.269561663076253,70.0,FrankfurtOderStadt;Limburg_WeilburgLand;AschaffenburgLand;Rhein_Pfalz_Land;RegionalverbandSaarbruecken,3.0,150.0
W. Förster GmbH,"99198 Erfurt-Büßleben, Germany",99198,51.0272819260234,11.130112980559664,70.0,Coburg;ErfurtStadt,3.0,150.0
W. Köthe GmbH,"30519 Hanover, Germany",30519,52.33844672842099,9.779054788104089,70.0,Minden_Luebbecke;PeineLand;BoerdeLand;Hameln_PyrmontLand;Luechow_DannenbergLand,3.0,150.0
Wagenhäuser GmbH,"97437 Haßfurt, Germany",97437,50.042783,10.508615785843995,70.0,HaßbergeLand;Wunsiedeli.Fichtelgebirge;Erlangen_HoechstadtLand;Neumarkti.d.OPf.Land,3.0,150.0
Walter Falk GmbH,"73252 Lenningen, Germany",73252,48.54883220000001,9.509145861108367,70.0,Alb_Donau_Land;Main_Tauber_Land;EsslingenLand;PforzheimStadtStadt,3.0,150.0
Walter Fehring GmbH,"33014 Bad Driburg, Germany",33014,51.723744247817905,9.028156820722128,70.0,Warendorf;Lippe;OsnabrueckLand;RegionHannoverLand;Kasseldocumenta_Stadt,3.0,150.0
Walter Gräfenstein GmbH,"45473 Mülheim an der Ruhr, Germany",45473,51.44401451275198,6.898269913775183,70.0,LeverkusenStadt;SolingenStadt;Recklinghausen,3.0,150.0
Walter Langen KG,"54294 Trier, Germany",54294,49.73826062390076,6.613071471223,70.0,Merzig_WadernLand;VulkaneifelLand;GrafschaftBentheimLand,3.0,150.0
Wärme mit System.de Ltd.,"36341 Lauterbach (Hessen), Germany",36341,50.64090785,9.35525261380022,70.0,EisenachStadt;Schmalkalden_Meiningen,3.0,150.0
Wärmetechnik Leickel GmbH,"44653 Herne, Germany",44653,51.54364638935319,7.1608512759869125,70.0,Mettmann;RemscheidStadt;Unna,3.0,150.0
WätaS Wärmetauscher Sachsen GmbH,"09526 Olbernhau, Germany",9526,50.672133380046816,13.344070529384586,70.0,SaechsischeSchweiz_Osterz,3.0,150.0
"Weber GmbH, Elektro- und Solaranlagen","74078 Heilbronn-Kirchhausen, Germany",74078,49.17503491101242,9.162449312278756,70.0,HohenloheLand;KaiserslauternStadt;FreudenstadtLand;AhrweilerLand;Wuerzburg,3.0,150.0
Weisky & Co. GmbH,"83352 Altenmarkt, Germany",83352,47.99844605,12.511632684539794,70.0,MuenchenLandLand;TraunsteinLand,3.0,150.0
Wenzel & Herzog GmbH,"15890 Schlaubetal / OT Fünfeichen, Germany",15890,52.16005045,14.571117922279706,70.0,Oberspreewald_LausitzLand;Maerkisch_OderlandLand,3.0,150.0
Werner Peters GmbH,"46485 Wesel, Germany",46485,51.665973765835005,6.644380459407362,70.0,BonnStadt;BochumStadt;LeverkusenStadt;Heinsberg;Mettmann,3.0,150.0
Werner Wallraff GmbH & Co.KG,"48157 Munster, Germany",48157,51.995986400171915,7.680717235070642,70.0,BochumStadt;MuensterStadt;CloppenburgLand;DiepholzLand,3.0,150.0
Werrlein GmbH & Co.KG,"91443 Scheinfeld, Germany",91443,49.67021355,10.4684880696984,70.0,Schweinfurt;Neumarkti.d.OPf.Land;BayreuthLandLand;KulmbachLand,3.0,150.0
Wessel & Tyc Haustechnik GmbH,"28279 Bremen, Germany",28279,53.04047020894537,8.847183565260249,70.0,RotenburgWuemmeLand;HamburgBundesland;DiepholzLand,3.0,150.0
Weyher Haustechnik GmbH,"28844 Weyhe, Germany",28844,52.98475952927596,8.845120708002035,70.0,DiepholzLand;OsterholzLand;CuxhavenLand;AmmerlandLand;OldenburgOldenburgStadt,3.0,150.0
Willi Hammer GmbH - Sanitär Heizung Solar,"75181 Pforzheim-Eutingen, Germany",75181,48.8738261,8.765233532673923,70.0,LandauinderPfalzStadt;MannheimUniversitaetsstadt;GoeppingenLand;HeilbronnStadtStadt;Darmstadt_DieburgLand,3.0,150.0
Willig Gas - Wasser - Wärme,"64283 Darmstadt, Germany",64283,49.870095674067706,8.653086493313005,70.0,Neustadta.d.Waldnaab;DonnersbergLand;KarlsruheStadtStadt;Main_Tauber_Land;WetterauLand,3.0,150.0
WILO SE,"44263 Dortmund, Germany",44263,51.48954256743802,7.503768132969682,70.0,DuesseldorfStadt;Waldeck_FrankenbergLand;Soest;DuisburgStadt;MoenchengladbachStadt,3.0,150.0
Winfried Zahnen Gas- und Wasserinstallateurmeister,"54595 Watzerath, Germany",54595,50.21129084970681,6.419952873789955,70.0,SolingenStadt,3.0,150.0
Wittemann GmbH,"76297 Stutensee-Friedrichstal, Germany",76297,49.08467320544047,8.481765478387326,70.0,SuedwestpfalzLand;FrankenthalPfalzStadt;Main_Kinzig_Land;FreiburgimBreisgauStadt;MiltenbergLand,3.0,150.0
"Woermann & Söhne, sanitäre Anlagen und Heizung GmbH","14163 Berlin (Berlin-Zehlendorf), Germany",14163,52.4372333,13.241466027255047,70.0,AltmarkSalzwedelLand;Anhalt_BitterfeldLand;BarnimLand;BrandenburganderHavel;BurgenlandLand,3.0,150.0
Wolfgang Kozian Heizungsbau GmbH,"63128 Dietzenbach, Germany",63128,50.01079975,8.790729524494951,70.0,AhrweilerLand;AltenkirchenWesterwald;Alzey_WormsLand;Aschaffenburg;BadDuerkheimLand,3.0,150.0
Würth Elektrogroßhandel GmbH & Co. KG,"91522 Ansbach, Germany",91522,49.28887445,10.55976933809508,70.0,Aichach_FriedbergLand;Alb_Donau_Land;Amberg;Ansbach;AnsbachLandLand,3.0,150.0
Wust & Heck GmbH,"55471 Reich / Hunsrück, Germany",55471,49.98638590590153,7.446717489006335,70.0,AhrweilerLand;AltenkirchenWesterwald;Alzey_WormsLand;Aschaffenburg;BadDuerkheimLand,3.0,150.0
Zdoniak Elektrotechnik,"23936 Grevesmühlen, Germany",23936,53.83826208315358,11.195553764592443,70.0,Ostholstein,3.0,150.0
Zinnenlauf Service GmbH,"40472 Düsseldorf, Germany",40472,51.272641027116244,6.807200021807968,70.0,AltenkirchenWesterwald;BochumStadt;BonnStadt;Borken;BottropStadt,3.0,150.0
Zita Jacobs GmbH,"66740 Saarlouis, Germany",66740,49.31947657036562,6.75308444097593,70.0,Alzey_WormsLand;BadDuerkheimLand;Bernkastel_WittlichLand,3.0,150.0
ZLE Ehrlich GmbH,"76532 Baden-Baden, Germany",76532,48.8031151,8.208848972746503,70.0,Alzey_WormsLand;Baden_BadenStadtStadt;BirkenfeldLand;BoeblingenLand,3.0,150.0
ZOGEL GmbH,"38300 Wolfenbüttel, Germany",38300,52.15639204447906,10.554439097123396,70.0,AltmarkSalzwedelLand;BraunschweigStadt;BurgenlandLand,3.0,150.0
ZWS Zukunftsorientierte Wärme Systeme GmbH,"47506 Neukirchen-Vluyn, Germany",47506,51.43527775,6.5506149917785335,70.0,AltenkirchenWesterwald;BochumStadt;BonnStadt;Borken;BottropStadt,3.0,150.0
ELITEC Elektrische Industrietechnik GmbH,"64653 Lorsch, Germany",64653,49.6426967,8.556536015454096,70.0,AhrweilerLand;Alzey_WormsLand;Aschaffenburg;BadDuerkheimLand;BirkenfeldLand,3.0,150.0
Kälte-Aktiv Team GmbH,"91154 Roth, Germany",91154,49.23688415,11.118101625557133,70.0,Aichach_FriedbergLand;Amberg;Ansbach;Augsburg;BadToelz_Wolfratshausen,3.0,150.0
Remko GmbH & Co. KG,"32791 Lage, Germany",32791,51.98650021960944,8.784133580599393,70.0,BielefeldStadt;BochumStadt,3.0,150.0
Carl Mettler Elektrogroßhandels-GmbH,"66117 Saarbrücken, Germany",66117,49.2279998876929,6.9756571483495655,70.0,AhrweilerLand;Alzey_WormsLand;BadDuerkheimLand;Bernkastel_WittlichLand,3.0,150.0
H2 Umwelttechnik GbR,"52428 Jülich, Germany",52428,50.92898835,6.3602062087263205,70.0,AltenkirchenWesterwald;BochumStadt;BonnStadt;Borken;BottropStadt,3.0,150.0
Nesseler + Esser GmbH & Co. KG,"50389 Wesseling, Germany",50389,50.81590634608205,6.977998337090839,70.0,AltenkirchenWesterwald;Bernkastel_WittlichLand;BochumStadt;BonnStadt;Borken,3.0,150.0
Neukälte Kälte- Klima- und Wärmepumpen GmbH,"66292 Riegelsberg, Germany",66292,49.30878835158418,6.935701052781655,70.0,Alzey_WormsLand;BadDuerkheimLand;Bernkastel_WittlichLand,3.0,150.0
Schalk GmbH secespol deutschland gmbh,"86500 Kutzenhausen, Germany",86500,48.3538739,10.679009437129745,70.0,Aichach_FriedbergLand;Alb_Donau_Land;Augsburg;BadToelz_Wolfratshausen;BergstraßeLand,3.0,150.0
Secespol Deutschland gmbh,"45141 Essen, Germany",45141,51.47450091374141,7.0264283015827775,70.0,AltenkirchenWesterwald;BielefeldStadt;BochumStadt;BonnStadt;Borken,3.0,150.0
Maxhütte Technologie GmbH & Co. KG,"92237 Sulzbach-Rosenberg, Germany",92237,49.51259165,11.728330663641984,70.0,Amberg;Ansbach;Bamberg;Bayreuth,3.0,150.0
Viessmann Werke GmbH & Co. KG,"35108 Allendorf (Eder), Germany",35108,51.0383128,8.683138839169864,70.0,AltenkirchenWesterwald,3.0,150.0
