"Provider","Series","Efficiency index at 55°C","Efficiency index at 35°C","Efficiency class at 35°C","Efficiency class at 55°C","Type","Heat output W10/W35 (kW)","Heat output A2/W35 (kW)","Heat output B0/W35 (kW)","COP W10/W35","COP W10/W55","COP A2/W35","COP A7/W55","COP A-7/W55","COP B0/W35","COP B0/W55","Inverter technology","SCOP","Noise level external (dB)","Noise level inside (dB)","Refrigerant","Height inside (cm)","Width inside (cm)","Depth inside (cm)","Height outside (cm)","Width outside (cm)","Depth outside (cm)","EHPA or CH quality label","Link to manufacturer"
"Hoval AG","UltraSource T comfort (13)","217","313","A+++","A+++","water-water","8.7","","","6.8","3.9","","","","","","yes","8","","41","R410A","125","62","76","","","","CH-HP-00794","http://www.hoval.com"
"Hoval AG","UltraSource T compact (13/200)","217","313","A+++","A+++","water-water","8.7","","","6.8","3.9","","","","","","yes","8","","41","R410A","195","61","77","","","","CH-HP-00794","http://www.hoval.com"
"Hoval AG","UltraSource T comfort (17)","226","311","A+++","A+++","water-water","15.2","","","6.5","3.9","","","","","","yes","8","","44","R410A","125","62","76","","","","CH-HP-00793","http://www.hoval.com"
"Hoval AG","UltraSource T comfort (8)","245","309","A+++","A+++","water-water","5.6","","","6.5","3.6","","","","","","yes","7.9","","45","R410A","125","62","76","","","","CH-HP-00794","http://www.hoval.com"
"Hoval AG","UltraSource T compact (8/200)","245","309","A+++","A+++","water-water","5.6","","","6.5","3.6","","","","","","yes","7.9","","45","R410A","195","60","77","","","","CH-HP-00794","http://www.hoval.com"
"CTA AG","Optiheat Inverta OH I 9e","197","285","A+++","A+++","water-water","12","","","6.5","3.8","","","","","","yes","7.31","","33","R410A","126","53","70","","","","CH-HP-00639","http://www.cta.ch"
"CTA AG","Optiheat Inverta OH I 17e","197","283","A+++","A+++","water-water","22.4","","","6.5","3.6","","","","","","yes","7.27","","39","R410A","126","53","70","","","","CH-HP-00639","http://www.cta.ch"
"CTA AG","Optiheat Inverta TWW OH I 4esr TWW","182","277","A+++","A+++","water-water","5.2","","","6.3","3.5","","","","","","yes","7.12","","29","R410A","190","60","70","","","","CH-HP-00611","http://www.cta.ch"
"Swisstherm AG","BWI Geoline 7 Dynamic","179","268","A++","A++","earth-water","","","9","","","","","","4.61","2.91","yes","5.34","","44","R410A","160","58","64","","","","CH-HP-00838","http://www.swisstherm.ch/de/produkte/waermepumpen/kompakt-luft-wasser-aussen.html"
"Swisstherm AG","BWI Geoline 7 Dynamic PC","179","268","A++","A++","earth-water","","","9","","","","","","4.61","2.91","yes","5.34","","44","R410A","160","58","64","","","","CH-HP-00838","http://www.swisstherm.ch/de/produkte/waermepumpen/kompakt-luft-wasser-aussen.html"
"Swisstherm AG","BWI Geoline 12 Dynamic","182","266","A++","A++","earth-water","","","16","","","","","","4.63","2.88","yes","5.3","","46","R410A","160","58","64","","","","CH-HP-00838","http://www.swisstherm.ch/de/produkte/waermepumpen/kompakt-luft-wasser-aussen.html"
"Swisstherm AG","BWI Geoline 12 Dynamic PC","182","266","A++","A++","earth-water","","","16","","","","","","4.63","2.88","yes","5.3","","46","R410A","160","58","64","","","","CH-HP-00838","http://www.swisstherm.ch/de/produkte/waermepumpen/kompakt-luft-wasser-aussen.html"
"Swisstherm AG","BWI Geoline 18 Dynamic","181","264","A++","A++","earth-water","","","22","","","","","","4.63","2.84","yes","5.28","","48","R410A","160","58","64","","","","CH-HP-00838","http://www.swisstherm.ch/de/produkte/waermepumpen/kompakt-luft-wasser-aussen.html"
"Swisstherm AG","BWI Geoline 18 Dynamic PC","181","264","A++","A++","earth-water","","","22","","","","","","4.63","2.84","yes","5.28","","48","R410A","160","58","64","","","","CH-HP-00838","http://www.swisstherm.ch/de/produkte/waermepumpen/kompakt-luft-wasser-aussen.html"
"Buderus","WI 65TU","178","263","A+++","A++","water-water","68.9","","","6.2","3.7","","","","","","no","","","61","R410A","167","100","81","","","","CH-HP-00437","https://www.buderus.com"
"Buderus","WI 35TU","180","262","A+++","A+++","water-water","35.6","","","6.2","3.8","","","","","","no","","","57","R410A","89","100","81","","","","CH-HP-00437","https://www.buderus.com"
"CTA AG","Optiheat OH 22e DUO HT","173","260","A+++","A+++","water-water","27.5","","","6.2","3.7","","","","","","no","6.71","","35","R410A","124","118","76","","","","CH-HP-00550","http://www.cta.ch"
"Buderus","WI 14TU","170","260","A+++","A+++","water-water","13.3","","","6.1","3.3","","","","","","no","","","43","R410A","85","65","67","","","","CH-HP-00357","https://www.buderus.com"
"CTA AG","Optiheat OH 28e DUO HT","172","257","A+++","A+++","water-water","35.8","","","6.1","3.7","","","","","","no","6.62","","39","R410A","124","118","76","","","","CH-HP-00550","http://www.cta.ch"
"Hoval AG","Thermalia comfort (13)","181","255","A+++","A+++","water-water","17.5","","","6.28","3.76","","","","","","no","","","49","R410A","149","60","75","","","","CH-HP-00578","http://www.hoval.com"
"Ochsner Wärmepumpen GmbH","AQUA 22","159","253","A+++","A+++","water-water","22.1","","","5.9","3.32","","","","","","no","6.61","","49","R410A","129","60","68","","","","CH-HP-00614","https://www.ochsner.com"
"Ochsner Wärmepumpen GmbH","AQUA 17","159","250","A+++","A+++","water-water","16.6","","","5.93","3.33","","","","","","no","6.52","","47","R410A","129","60","68","","","","CH-HP-00614","https://www.ochsner.com"
"Hoval AG","Thermalia comfort H (10)","185","249","A+++","A+++","water-water","12.8","","","6","4.01","","","","","","no","","","50","R134a","149","60","75","","","","CH-HP-00580","http://www.hoval.com"
"Buderus","WI 10TU","163","248","A+++","A+++","water-water","9.6","","","5.9","3.2","","","","","","no","","","41","R410A","85","65","67","","","","CH-HP-00357","https://www.buderus.com"
"CTA AG","Optiheat OH 1-58e","169","246","A+++","A+++","water-water","77","","","6.2","3.7","","","","","","no","6.34","","55","R410A","124","118","76","","","","CH-HP-00473","http://www.cta.ch"
"Ochsner Wärmepumpen GmbH","AQUA 14","158","246","A+++","A+++","water-water","12.3","","","5.8","3.36","","","","","","no","6.43","","46","R410A","129","60","68","","","","CH-HP-00614","https://www.ochsner.com"
"Hoval AG","Thermalia comfort (10)","170","245","A+++","A+++","water-water","12.7","","","6.08","3.52","","","","","","no","","","48","R410A","149","60","75","","","","CH-HP-00578","http://www.hoval.com"
"CTA AG","Optiheat OH 34e DUO HT","164","244","A+++","A+++","water-water","46.5","","","5.9","3.6","","","","","","no","6.29","","42","R410A","124","118","76","","","","CH-HP-00550","http://www.cta.ch"
"CTA AG","Optiheat OH 1-11es","161","243","A+++","A+++","water-water","14.1","","","6.2","3.5","","","","","","no","6.29","","28","R410A","126","53","70","","","","CH-HP-00338","http://www.cta.ch"
"Buderus","WI 45TU","172","243","A+++","A+++","water-water","46.2","","","5.8","3.7","","","","","","no","","","58","R410A","89","100","81","","","","CH-HP-00437","https://www.buderus.com"
"Hoval AG","Thermalia comfort (17)","173","240","A+++","A+++","water-water","22.3","","","5.88","3.59","","","","","","no","","","50","R410A","149","60","75","","","","CH-HP-00578","http://www.hoval.com"
"CTA AG","Optiheat OH 1-8es","156","240","A+++","A+++","water-water","10.4","","","6.1","3.4","","","","","","no","6.2","","28","R410A","126","53","70","","","","CH-HP-00338","http://www.cta.ch"
"CTA AG","Optiheat OH 1-14es","160","240","A+++","A+++","water-water","18.4","","","6.1","3.5","","","","","","no","6.19","","32","R410A","126","53","70","","","","CH-HP-00338","http://www.cta.ch"
"CTA AG","Optiheat OH 1-50e","168","240","A+++","A+++","water-water","67","","","6.1","3.8","","","","","","no","6.2","","55","R410A","124","118","76","","","","CH-HP-00473","http://www.cta.ch"
"Buderus","WI 18TU","168","240","A+++","A+++","water-water","17.1","","","5.8","3.6","","","","","","no","","","44","R410A","85","65","67","","","","CH-HP-00357","https://www.buderus.com"
"Hoval AG","Thermalia comfort H (7)","177","238","A+++","A+++","water-water","9.1","","","5.9","3.97","","","","","","no","","","48","R134a","149","60","75","","","","CH-HP-00580","http://www.hoval.com"
"CTA AG","Optipro OP 100ed","187","238","A+++","A+++","water-water","129","","","5.9","3.7","","","","","","no","6.2","","59","R410A","198","126","86","","","","CH-HP-00957","http://www.cta.ch"
"CTA AG","Optipro OP 110ed","186","238","A+++","A+++","water-water","144","","","5.9","3.6","","","","","","no","6.2","","59","R410A","198","126","86","","","","CH-HP-00957","http://www.cta.ch"
"CTA AG","Optipro OP 130ed","186","238","A+++","A+++","water-water","163","","","5.9","3.9","","","","","","no","6.2","","57","R410A","198","126","86","","","","CH-HP-00957","http://www.cta.ch"
"CTA AG","Optiheat OH 1-65e","165","237","A+++","A+++","water-water","86","","","6","3.7","","","","","","no","6.13","","56","R410A","124","118","76","","","","CH-HP-00473","http://www.cta.ch"
"Buderus","WI 22TU","167","237","A+++","A+++","water-water","22.3","","","5.7","3.6","","","","","","no","","","47","R410A","85","65","67","","","","CH-HP-00357","https://www.buderus.com"
"CTA AG","Optipro OP 140ed","183","235","A+++","A+++","water-water","180","","","5.8","3.6","","","","","","no","6.1","","56","R410A","198","126","86","","","","CH-HP-00957","http://www.cta.ch"
"CTA AG","Optipro OP 160ed","179","235","A+++","A+++","water-water","205","","","5.8","3.6","","","","","","no","6.1","","56","R410A","198","126","86","","","","CH-HP-00957","http://www.cta.ch"
"CTA AG","Optipro OP 210ed","180","235","A+++","A+++","water-water","263","","","5.8","3.6","","","","","","no","6.1","","60","R410A","198","126","86","","","","CH-HP-00957","http://www.cta.ch"
"CTA AG","Optiheat OH 1-29e","161","233","A+++","A+++","water-water","37.9","","","5.9","3.7","","","","","","no","6.03","","44","R410A","126","53","70","","","","CH-HP-00502","http://www.cta.ch"
"CTA AG","Optiheat OH 1-44e","166","233","A+++","A+++","water-water","58","","","6","3.8","","","","","","no","6.01","","53","R410A","124","118","76","","","","CH-HP-00473","http://www.cta.ch"
"CTA AG","Optipro OP 180ed","178","232","A+++","A+++","water-water","230","","","5.8","3.6","","","","","","no","6","","58","R410A","198","126","86","","","","CH-HP-00957","http://www.cta.ch"
"Hoval AG","Thermalia comfort (8)","161","231","A+++","A+++","water-water","9.6","","","5.87","3.4","","","","","","no","","","47","R410A","149","60","75","","","","CH-HP-00578","http://www.hoval.com"
"CTA AG","Optipro OP 230ed","179","231","A+++","A+++","water-water","292","","","5.7","3.6","","","","","","no","6","","60","R410A","198","126","86","","","","CH-HP-00957","http://www.cta.ch"
"Hoval AG","Thermalia comfort (8)","161","231","A+++","A+++","earth-water","","","9.6","","","","","","5.87","3.4","no","","","44","R410A","149","60","75","","","","CH-HP-00578","http://www.hoval.ch"
"CTA AG","Optiheat OH 1-5es","152","229","A+++","A+++","water-water","6.7","","","5.8","3.4","","","","","","no","5.91","","24","R410A","126","53","70","","","","CH-HP-00338","http://www.cta.ch"
"CTA AG","Optiheat OH 1-25e","157","229","A+++","A+++","water-water","32.2","","","5.8","3.5","","","","","","no","5.92","","44","R410A","126","53","70","","","","CH-HP-00502","http://www.cta.ch"
"CTA AG","Optiheat OH 1-72e","163","229","A+++","A+++","water-water","97","","","5.9","3.7","","","","","","no","5.91","","57","R410A","124","118","76","","","","CH-HP-00473","http://www.cta.ch"
"CTA AG","Optiheat OH 1-33e","158","228","A+++","A+++","water-water","42.9","","","5.8","3.6","","","","","","no","5.91","","45","R410A","126","53","70","","","","CH-HP-00502","http://www.cta.ch"
"CTA AG","Optiheat OH 1-6es","151","227","A+++","A+++","water-water","7.9","","","5.8","3.3","","","","","","no","5.88","","24","R410A","126","53","70","","","","CH-HP-00338","http://www.cta.ch"
"CTA AG","Optiheat OH 1-18es","153","227","A+++","A+++","water-water","23.9","","","5.7","3.4","","","","","","no","5.87","","35","R410A","126","53","70","","","","CH-HP-00338","http://www.cta.ch"
"AerThermie","Eureka EU13L","180","227","A+++","A+++","air-water","","15","","","","5.05","3.71","2.59","","","yes","","44","","R290","","","","171","95","61","CH-HP-00978","http://www.aerthermie.ch"
"Hoval AG","UltraSource T comfort (17)","164","226","A+++","A+++","earth-water","","","11.4","","","","","","5.1","3","yes","5.9","","44","R410A","125","62","76","","","","CH-HP-00793","http://www.hoval.com"
"AerThermie","Eureka EU08L","179","226","A+++","A+++","air-water","","10.3","","","","5.19","3.55","2.55","","","yes","","42","","R290","","","","171","95","61","CH-HP-00977","http://www.aerthermie.ch"
"Hoval AG","Belaria pro (24)","165","225","A+++","A+++","air-water","","14.5","","","","4.9","3.5","2.4","","","yes","","58","","R290","101","55","28","146","193","100","CH-HP-01119","http://www.hoval.com"
"CTA AG","Optiheat OH 1-85e","161","223","A+++","A+++","water-water","113","","","5.8","3.7","","","","","","no","5.77","","58","R410A","124","118","76","","","","CH-HP-00473","http://www.cta.ch"
"Hoval AG","Belaria pro comfort (15)","161","220","A+++","A+++","air-water","","8.7","","","","4.7","3.9","2.6","","","yes","","50","","R290","101","55","28","143","158","79","CH-HP-00890","http://www.hoval.com"
"CTA AG","Optiheat OH 1-22e","155","218","A+++","A+++","water-water","28.1","","","5.7","3.5","","","","","","no","5.64","","42","R410A","126","53","70","","","","CH-HP-00502","http://www.cta.ch"
"Stiebel Eltron AG","WPE-I 44 H 400 Premium","168","218","A++","A++","earth-water","","","26.71","","","","","","5.81","","yes","5.65","","50","R410A","165","69","80","","","","CH-HP-00857","https://www.stiebel-eltron.ch"
"SOLTOP Energie AG","WPS 618","168","217","A+++","A+++","earth-water","","","15.8","","","","","","4.36","2.88","yes","5.51","","46","R410A","135","60","60","","","","CH-HP-00800","https://www.soltop-energie.ch/waermepumpen/"
"Stiebel Eltron AG","WPF 10","137","216","A++","A++","earth-water","","","10.31","","","","","","5.02","2.92","no","","","48","R410A","132","60","66","","","","CH-HP-00513","https://www.stiebel-eltron.ch"
"Ochsner Wärmepumpen GmbH","TERRA 11","137","216","A+++","A++","earth-water","","","10.3","","","","","","5.03","2.83","no","5.6","","48","R410A","129","60","68","","","","CH-HP-00624","https://www.ochsner.com"
"Stiebel Eltron AG","WPE-I 12 HK 230 Premium","167","216","A++","A++","earth-water","","","12.05","","","","","","4.6","3.13","yes","5.59","","39","R454C","140","60","66","","","","CH-HP-00930","https://www.stiebel-eltron.ch"
"SOLTOP Energie AG","WPS1052","157","214","A+++","A+++","earth-water","","","51.4","","","","","","4.34","2.9","yes","5.42","","55","R410a","147","60","65","","","","CH-HP-00999","https://www.soltop-energie.ch/waermepumpen/"
"Stiebel Eltron AG","WPE-I 33 H 400 Premium","159","214","A++","A++","earth-water","","","20.18","","","","","","4.73","","yes","5.55","","47","R410A","165","69","80","","","","CH-HP-00857","https://www.stiebel-eltron.ch"
"Buderus","WSW196i.2 3-12kW","159","214","A+++","A++","earth-water","","","12.53","","","","","","4.75","2.8","yes","5.85","","41","R410A","118","60","60","","","","CH-HP-00990","https://www.buderus.com"
"Ochsner Wärmepumpen GmbH","SWK007P8d","150","214","A+++","A+++","earth-water","","","6.9","","","","","","4.6","2.9","yes","5.56","","43","R410A","186","60","70","","","","CH-HP-01015","https://www.ochsner.com/de-ch/"
"SOLTOP Energie AG","WPLK 722","163","214","A+++","A+++","air-water","","21.8","","","","4.1","3.08","2.23","","","yes","","53","","R410a","","","","143","196","75","CH-HP-01039","https://www.soltop-energie.ch/waermepumpen/"
"Hoval AG","UltraSource T comfort (13)","162","213","A+++","A+++","earth-water","","","6.6","","","","","","5","3","yes","","","41","R410A","125","62","76","","","","CH-HP-00793","http://www.hoval.com"
"Hoval AG","UltraSource T compact (13/200)","162","213","A+++","A+++","earth-water","","","6.6","","","","","","5","3","yes","","","41","R410A","195","61","77","","","","CH-HP-00793","http://www.hoval.com"
"Buderus","SI 50TU","136","213","A+++","A++","earth-water","","","52","","","","","","5","2.8","no","","","61","R410A","167","100","81","","","","CH-HP-00436","https://www.buderus.com"
"CTA AG","Optiheat Inverta TWW OH I 4esr TWW","144","212","A+++","A++","earth-water","","","3.8","","","","","","4.7","2.7","yes","5.5","","29","R410A","190","60","70","","","","CH-HP-00792","http://www.cta.ch"
"Buderus","WSW196i.2 2-6kW","147","211","A+++","A++","earth-water","","","5.85","","","","","","4.61","2.81","yes","5.76","","36","R410A","118","60","60","","","","CH-HP-00990","https://www.buderus.com"
"AerThermie","NHWP06 S+","155","210","A+++","A+++","earth-water","","","10.4","","","","","","4.84","2.81","yes","5.33","","45","R410A","194","80","113","","","","CH-HP-00853","http://www.aerthermie.ch"
"AerThermie","NHWP12 S+","155","210","A+++","A+++","earth-water","","","15.7","","","","","","4.63","2.3","yes","5.33","","45","R410A","194","90","130","","","","CH-HP-00853","http://www.aerthermie.ch"
"Stiebel Eltron AG","WPE-I 15 HK 230 Premium","168","210","A++","A++","earth-water","","","13.47","","","","","","4.6","3.18","yes","5.44","","39","R454C","140","60","66","","","","CH-HP-00930","https://www.stiebel-eltron.ch"
"Hoval AG","UltraSource T comfort (8)","158","209","A+++","A+++","earth-water","","","4.1","","","","","","4.7","2.9","yes","5.4","","45","R410A","125","62","76","","","","CH-HP-00793","http://www.hoval.com"
"Hoval AG","UltraSource T compact (8/200)","158","209","A+++","A+++","earth-water","","","4.1","","","","","","4.7","2.9","yes","5.4","","45","R410A","195","60","77","","","","CH-HP-00793","http://www.hoval.com"
"Buderus","WPS 28.2 HT","158","208","A+++","A+++","earth-water","","","29.3","","","","","","4.57","3.04","no","5.5","","57","R410A","162","70","77","","","","CH-HP-00862","https://www.buderus.com"
"CTA AG","Optiheat Inverta OH I 9e","151","207","A+++","A+++","earth-water","","","8.8","","","","","","4.9","2.8","yes","5.4","","33","R410A","126","53","70","","","","CH-HP-00638","http://www.cta.ch"
"Buderus","WSW196i.2 2-8kW","152","207","A+++","A++","earth-water","","","7.61","","","","","","4.61","2.81","yes","5.7","","36","R410A","118","60","60","","","","CH-HP-00990","https://www.buderus.com"
"Buderus","WPS 22.2 HT","159","207","A+++","A+++","earth-water","","","22.9","","","","","","4.57","3.01","no","5.48","","56","R410A","162","70","77","","","","CH-HP-00862","https://www.buderus.com"
"CTA AG","Optiheat Inverta OH I 17e","149","206","A+++","A+++","earth-water","","","16.7","","","","","","4.9","2.8","yes","5.4","","39","R410A","126","53","70","","","","CH-HP-00638","http://www.cta.ch"
"Hoval AG","UltraSource B comfort C (17)","152","206","A+++","A+++","air-water","","11.3","","","","4.5","3.2","2.1","","","yes","","57","45","R410A","125","62","76","155","109","75","CH-HP-00795","http://www.hoval.com"
"Hoval AG","Belaria pro comfort (8)","153","206","A+++","A+++","air-water","","3.5","","","","4.6","2.65","1.81","","","yes","","46","","R290","101","55","28","95","158","79","CH-HP-00890","http://www.hoval.com"
"Hoval AG","Belaria pro compact (8/100/270)","153","206","A+++","A+++","air-water","","3.5","","","","4.6","2.65","1.81","","","yes","","46","","R290","193","79","79","95","158","79","CH-HP-00890","http://www.hoval.com"
"SOLTOP Energie AG","WPS 412","155","206","A+++","A+++","earth-water","","","10.6","","","","","","4.42","2.95","yes","5.29","","44","R410A","135","60","60","","","","CH-HP-00800","https://www.soltop-energie.ch/waermepumpen/"
"Buderus","SIK 11TES","142","206","A+++","A++","earth-water","","","10.6","","","","","","5","3.1","no","","","43","R410A","111","65","66","","","","CH-HP-00538","https://www.buderus.com"
"Buderus","WPS 54.2 HT","162","206","A+++","A+++","earth-water","","","54.94","","","","","","4.54","3.12","no","5.44","","67","R410A","94","145","75","","","","CH-HP-00863","https://www.buderus.com"
"Stiebel Eltron AG","WPF 05","134","205","A++","A++","earth-water","","","5.82","","","","","","4.79","2.81","no","","","43","R410A","132","60","66","","","","CH-HP-00513","https://www.stiebel-eltron.ch"
"Stiebel Eltron AG","WPF 07","139","205","A++","A++","earth-water","","","7.5","","","","","","4.85","2.94","no","","","44","R410A","132","60","66","","","","CH-HP-00513","https://www.stiebel-eltron.ch"
"Ochsner Wärmepumpen GmbH","TERRA 6","134","205","A+++","A++","earth-water","","","5.8","","","","","","4.81","2.81","no","5.33","","43","R410A","129","60","68","","","","CH-HP-00624","https://www.ochsner.com"
"Ochsner Wärmepumpen GmbH","TERRA 8","139","205","A+++","A++","earth-water","","","7.5","","","","","","4.84","2.94","no","5.33","","47","R410A","129","60","68","","","","CH-HP-00624","https://www.ochsner.com"
"SOLTOP Energie AG","WPS1036","153","205","A+++","A+++","earth-water","","","36","","","","","","4.4","2.9","yes","5.21","","55","R410a","147","60","65","","","","CH-HP-00999","https://www.soltop-energie.ch/waermepumpen/"
"Buderus","SI 11TU","142","205","A+++","A++","earth-water","","","10.9","","","","","","4.9","2.9","no","","","47","R410A","85","65","67","","","","CH-HP-00356","https://www.buderus.com"
"Buderus","WSW196i.2 4-16kW","156","205","A+++","A++","earth-water","","","15.53","","","","","","4.8","2.9","yes","5.55","","41","R410A","118","60","60","","","","CH-HP-00990","https://www.buderus.com"
"Buderus","SI 26TU","143","204","A+++","A++","earth-water","","","26.7","","","","","","4.9","3.1","no","","","57","R410A","89","100","81","","","","CH-HP-00436","https://www.buderus.com"
"SOLTOP Energie AG","WPLK 1030","152","204","A+++","A+++","air-water","","31","","","","2.87","2.54","1.88","","","yes","","53","","R410a","","","","143","196","75","CH-HP-01039","https://www.soltop-energie.ch/waermepumpen/"
"Stiebel Eltron AG","WPF 13","142","203","A++","A++","earth-water","","","13.21","","","","","","4.83","3.07","no","","","49","R410A","132","60","66","","","","CH-HP-00513","https://www.stiebel-eltron.ch"
"Ochsner Wärmepumpen GmbH","TERRA 14","142","203","A+++","A++","earth-water","","","13.2","","","","","","4.82","3.05","no","5.28","","49","R410A","129","60","68","","","","CH-HP-00624","https://www.ochsner.com"
"Buderus","WLW196i.2-6kW AR","144","203","A+++","A++","air-water","","9","","","","4.16","2.38","1.94","","","yes","","47","29","R410A","","","","138","93","44","CH-HP-00665","https://www.buderus.com"
"Vaillant GmbH","flexoTHERM exclusive VWF 87/4","147","202","A+++","A++","earth-water","","","8.8","","","","","","4.8","3.2","no","","","50","R410A","118","60","60","","","","CH-HP-00589","http://www.vaillant.ch"
"Hoval AG","UltraSource B comfort C (8)","146","202","A+++","A++","air-water","","3.9","","","","4.4","3.1","2.1","","","yes","","46","42","R410A","125","62","76","120","109","75","CH-HP-00795","http://www.hoval.com"
"Hoval AG","UltraSource B compact C (8/200)","146","202","A+++","A++","air-water","","3.9","","","","4.4","3.1","2.1","","","yes","","46","42","R410A","195","60","77","120","109","75","CH-HP-00795","http://www.hoval.com"
"Hoval AG","Belaria pro comfort (13)","154","202","A+++","A+++","air-water","","5.3","","","","4.6","2.9","2.04","","","yes","","51","","R290","101","55","28","95","158","79","CH-HP-00890","http://www.hoval.com"
"Hoval AG","Belaria pro compact (13/100/270)","154","202","A+++","A+++","air-water","","5.3","","","","4.6","2.9","2.04","","","yes","","51","","R290","193","79","79","95","158","79","CH-HP-00890","http://www.hoval.com"
"Vaillant GmbH","flexoTHERM exclusive VWF 117/4","142","201","A+++","A++","earth-water","","","11.2","","","","","","4.8","3.1","no","","","47","R410A","118","60","60","","","","CH-HP-00589","http://www.vaillant.ch"
"Müba Energietechnik AG","Adapt 0416","141","201","A+++","A++","air-water","","8.41","","","","4.49","3.26","2.44","","","yes","","46","","R452B","70","53","35","140","105","68","CH-HP-00915","Müba Luft Wasser Wärmepumpe, zukunftsorientiert heizen und kühlen (mueba-energietechnik.ch)"
"Buderus","SI 35TU","140","201","A+++","A++","earth-water","","","34.8","","","","","","4.8","3","no","","","58","R410A","89","100","81","","","","CH-HP-00436","https://www.buderus.com"
"SOLTOP Energie AG","WPS 26","134","200","A+++","A++","earth-water","","","6.5","","","","","","4.34","2.74","yes","5.13","","47","R410A","64","60","44","","","","CH-HP-00801","https://www.soltop-energie.ch/waermepumpen/"
"Stiebel Eltron AG","WPE-I 06 HK 230 Premium","159","200","A++","A++","earth-water","","","6.6","","","","","","4.6","2.91","yes","5.2","","41","R454C","140","60","66","","","","CH-HP-00930","https://www.stiebel-eltron.ch"
"Stiebel Eltron AG","WPE-I 59 H 400 Premium","155","200","A++","A++","earth-water","","","35.6","","","","","","7.91","","yes","5.19","","43","R410A","164","90","84","","","","CH-HP-00857","https://www.stiebel-eltron.ch"
"Buderus","WPS 64.2 HT","157","200","A+++","A+++","earth-water","","","63.9","","","","","","4.43","2.97","no","5.3","","67","R410A","94","145","75","","","","CH-HP-00863","https://www.buderus.com"
"AerThermie","AirCube 08","139","199","A+++","A++","air-water","","10.1","","","","4.35","2.71","1.86","","","yes","","49.9","","R410A","104","120","84","104","120","84","CH-HP-00978","http://www.aerthermie.ch"
"Stiebel Eltron AG","WPE-I 87 H 400 Premium","157","199","A++","A++","earth-water","","","52","","","","","","11","","yes","5.17","","50","R410A","164","90","84","","","","CH-HP-00857","https://www.stiebel-eltron.ch"
"Ochsner Wärmepumpen GmbH","OCHSNER AIR HAWK 518","146","198.7","A+++","A++","air-water","","4.83","","","","3.87","3.09","2.364","","","yes","","53","50","R32","129","60","68","126","129","97","CH-HP-01051","https://www.ochsner.com/de-ch/"
"Buderus","WLW196i.2-6kW AR S+","140","198","A+++","A++","air-water","","7.3","","","","4.25","2.41","1.95","","","yes","","50","49","R410A","","","","138","93","60","CH-HP-00981","https://www.buderus.com"
"Buderus","WPS 72.2 HT","158","198","A+++","A+++","earth-water","","","72.98","","","","","","4.39","2.99","no","5.23","","67","R410A","94","145","75","","","","CH-HP-00863","https://www.buderus.com"
"Zehnder Group","ComfoBox Q 3-12 kW","146","198","A+++","A++","earth-water","","","16","","","","","","4.6","2.8","yes","5","","45","R410A","198","92","64","","","","CH-HP-01054","https://www.zehndergroup.com"
"Zehnder Group","ComfoHeat  3-12 kW","146","198","A+++","A++","earth-water","","","16","","","","","","4.6","2.8","yes","5","","45","R410A","106","60","71","","","","CH-HP-01054","https://www.zehndergroup.com"
"Zehnder Group","ComfoBox Q 3-12 kW","146","198","A+++","A++","water-water","15","","","6.1","3.5","","","","","","yes","","","45","R410A","198","92","64","","","","CH-HP-01054","https://www.zehndergroup.com"
"Zehnder Group","ComfoHeat  3-12 kW","146","198","A+++","A++","water-water","15","","","6.1","3.5","","","","","","yes","","","45","R410A","106","60","71","","","","CH-HP-01054","https://www.zehndergroup.com"
"Stiebel Eltron AG","WPE-I 08 HK 230 Premium","158","197","A++","A++","earth-water","","","7.6","","","","","","4.67","3.07","yes","5.12","","40","R454C","140","60","66","","","","CH-HP-00930","https://www.stiebel-eltron.ch"
"Buderus","SI 8TU","138","197","A+++","A++","earth-water","","","8.1","","","","","","4.8","2.8","no","","","46","R410A","85","65","57","","","","CH-HP-00356","https://www.buderus.com"
"Vaillant GmbH","flexoTHERM exclusive VWF 157/4","143","196","A+++","A+++","earth-water","","","14.4","","","","","","4.5","3.1","no","","","48","R410A","118","60","60","","","","CH-HP-00589","http://www.vaillant.ch"
"Vaillant GmbH","aroTHERM plus VWL 65/6","141","196","A+++","A++","air-water","","3.1","","","","4.1","2.9","2","","","yes","4.8","55","","R290","","","","77","110","45","CH-HP-00880","http://www.vaillant.com"
"Vaillant GmbH","geoTHERM perform VWS 400/3","138","196","A++","A++","earth-water","","","40.4","","","","","","4.7","3","no","","","54","R410 A","189","68","70","","","","CH-HP-00998","http://www.vaillant.com"
"Buderus","SIK 8TES","145","196","A+++","A++","earth-water","","","7.8","","","","","","4.8","2.9","no","","","42","R410A","111","65","66","","","","CH-HP-00538","https://www.buderus.com"
"Buderus","SI 18TU","140","196","A+++","A++","earth-water","","","17.5","","","","","","4.7","2.9","no","","","50","R410A","85","65","67","","","","CH-HP-00356","https://www.buderus.com"
"Buderus","WLW196i.2-4kW AR S+","133","196","A+++","A++","air-water","","5.5","","","","4.25","2.56","1.85","","","yes","","50","49","R410A","","","","138","93","60","CH-HP-00981","https://www.buderus.com"
"Buderus","WPS 38.2 HT","157","196","A+++","A+++","earth-water","","","38.7","","","","","","4.4","3.03","no","5.18","","55","R410A","162","70","77","","","","CH-HP-00862","https://www.buderus.com"
"Buderus","WPS 80.2 HT","157","196","A+++","A+++","earth-water","","","78.16","","","","","","4.3","3.05","no","5.21","","67","R410A","94","145","75","","","","CH-HP-00863","https://www.buderus.com"
"Swisstherm AG","AWX 16 Dynamic","144","195","A++","A++","air-water","","16","","","","4.32","2.89","2.13","","","yes","","52.7","","R410A","","","","136","143","68","CH-HP-00637","http://www.swisstherm.ch/de/produkte/waermepumpen/kompakt-luft-wasser-aussen.html"
"Swisstherm AG","AWX 16 Dynamic AC","144","195","A++","A++","air-water","","16","","","","4.32","2.89","2.13","","","yes","","52.7","","R410A","","","","136","143","68","CH-HP-00875","http://www.swisstherm.ch/de/produkte/waermepumpen/kompakt-luft-wasser-aussen.html"
"SOLTOP Energie AG","WPLK 412","150","195","A+++","A+++","air-water","","11.8","","","","3.84","3.05","2.31","","","yes","","45","","R452b","","","","104","156","56","CH-HP-00844","https://www.soltop-energie.ch/waermepumpen/"
"Müba Energietechnik AG","Adapt 0724","150","195","A+++","A+++","air-water","","12.43","","","","4.17","3.36","2.49","","","yes","","53","","R452B","70","53","35","140","105","68","CH-HP-00915","Müba Luft Wasser Wärmepumpe, zukunftsorientiert heizen und kühlen (mueba-energietechnik.ch)"
"Stiebel Eltron AG","WPE-I 04 HK 230 Premium","153","195","A++","A++","earth-water","","","4.2","","","","","","4.6","2.73","yes","5.07","","38","R454C","140","60","66","","","","CH-HP-00930","https://www.stiebel-eltron.ch"
"Buderus","WLW196i.2 14kW IR","140","195","A+++","A++","air-water","","16","","","","4","2.6","1.9","","","yes","","37","51","R410A","181","112","54","","","","CH-HP-00666","https://www.buderus.com"
"CTA AG","Aeroheat Inverta AH CM 18a","148","194","A+++","A++","air-water","","8.8","","","","4.4","3.1","2","","","yes","","55","","R407C","","","","116","139","85","CH-HP-00806","http://www.cta.ch"
"AerThermie","AirCube 12","135","194","A+++","A++","air-water","","12.1","","","","4.28","2.8","2.04","","","yes","","49.9","","R410A","104","120","84","104","120","84","CH-HP-00978","http://www.aerthermie.ch"
"Buderus","WLW196i.2-8kW AR","145","194","A+++","A++","air-water","","6.3","","","","4.25","2.4","2.09","","","yes","","48","29","R410A","","","","138","93","44","CH-HP-00665","https://www.buderus.com"
"CTA AG","Optiheat OH 1-58e","130","193","A+++","A++","earth-water","","","58","","","","","","4.8","2.8","no","5.02","","55","R410A","124","118","76","","","","CH-HP-00472","http://www.cta.ch"
"Ochsner Wärmepumpen GmbH","TERRA 40","135","193","A+++","A++","earth-water","","","40.4","","","","","","4.7","2.98","no","5","","54","R410A","190","68","68","","","","CH-HP-00842","https://www.ochsner.com"
"Vaillant GmbH","aroTHERM plus VWL 105/6","146","193","A+++","A++","air-water","","5.8","","","","4.6","3.1","1.9","","","yes","5","59","","R290","","","","157","110","45","CH-HP-00880","http://www.vaillant.com"
"Buderus","SIK 14TES","136","193","A+++","A++","earth-water","","","13.1","","","","","","4.7","3","no","","","43","R410A","111","65","66","","","","CH-HP-00538","https://www.buderus.com"
"Zehnder Group","ComfoBox Q 1-9 kW","140","193","A+++","A++","earth-water","","","11","","","","","","4.5","2.7","yes","4.9","","44","R410A","198","92","64","","","","CH-HP-01054","https://www.zehndergroup.com"
"Zehnder Group","ComfoHeat 1-9 kW","140","193","A+++","A++","earth-water","","","11","","","","","","4.5","2.7","yes","4.9","","44","R410A","106","60","71","","","","CH-HP-01054","https://www.zehndergroup.com"
"Zehnder Group","ComfoBox Q 1-9 kW","140","193","A+++","A++","water-water","11","","","6","3.4","","","","","","yes","","","44","R410A","198","92","64","","","","CH-HP-01054","https://www.zehndergroup.com"
"Zehnder Group","ComfoHeat 1-9 kW","140","193","A+++","A++","water-water","11","","","6","3.4","","","","","","yes","","","44","R410A","106","60","71","","","","CH-HP-01054","https://www.zehndergroup.com"
"CTA AG","Optiheat OH 1-18es","135","193","A+++","A++","earth-water","","","17.8","","","","","","4.5","2.7","no","4.74","","35","R410A","126","53","70","","","","CH-HP-00337","http://www.cta.ch/de-ch/waerme/sole-wasser/1218/?oid=1589&lang=de"
"Hoval AG","Thermalia comfort (13)","139","192","A+++","A++","earth-water","","","13.4","","","","","","4.81","2.96","no","","","45","R410A","122","60","72","","","","CH-HP-00577","http://www.hoval.com"
"Stiebel Eltron AG","WPL 20 AC","147","192","A++","A++","air-water","","6.83","","","","4","3.3","2.62","","","yes","","54","","R410A","","","","105","149","59","CH-HP-00465","https://www.stiebel-eltron.ch"
"CTA AG","Optipro OP 100ed","152","192","A+++","A+++","earth-water","","","100","","","","","","4.7","2.9","no","5","","59","R410A","198","126","86","","","","CH-HP-00956","http://www.cta.ch"
"Stiebel Eltron AG","WPL-A 07 HK 230 Premium","153","192","A+++","A+++","air-water","","4.3","","","","4.3","","2.36","","","yes","","48","","R454C","","","","90","127","59","CH-HP-00925","https://www.stiebel-eltron.ch"
"Regli Energy Systems AG","NovaAir 4-16","151.4","191.5","A+++","A+++","air-water","","15.7","","","","4.62","3.5","2.6","","","yes","","48.5","","R290","","","","173","82","82","CH-HP-01038","http://reglienergy.ch"
"Hoval AG","Thermalia comfort (10)","133","191","A+++","A++","earth-water","","","10.6","","","","","","4.81","2.78","no","","","45","R410A","122","60","72","","","","CH-HP-00577","http://www.hoval.com"
"CTA AG","Optiheat OH 28e DUO HT","131","191","A+++","A++","earth-water","","","27.1","","","","","","4.7","2.9","no","4.97","","39","R410A","124","118","76","","","","CH-HP-00549","http://www.cta.ch"
"Swisstherm AG","AWX 8 Dynamic","138","191","A++","A++","air-water","","8","","","","4.11","2.82","2.03","","","yes","","47.9","","R410A","","","","114","143","68","CH-HP-00637","http://www.swisstherm.ch/de/produkte/waermepumpen/kompakt-luft-wasser-aussen.html"
"Swisstherm AG","AWI 16 Dynamic","140","191","A++","A++","air-water","","15","","","","4.21","4.91","3.05","","","yes","","54.8","51","R410A","177","105","77","","","","CH-HP-00837","http://www.swisstherm.ch/de/produkte/waermepumpen/kompakt-luft-wasser-aussen.html"
"Swisstherm AG","AWI 16 Dynamic AC","140","191","A++","A++","air-water","","15","","","","4.21","4.91","3.05","","","yes","","54.8","51","R410A","177","105","77","","","","CH-HP-00837","http://www.swisstherm.ch/de/produkte/waermepumpen/kompakt-luft-wasser-aussen.html"
"Swisstherm AG","AWX 8 Dynamic AC","138","191","A++","A++","air-water","","8","","","","4.11","2.82","2.03","","","yes","","47.9","","R410A","","","","114","143","68","CH-HP-00875","http://www.swisstherm.ch/de/produkte/waermepumpen/kompakt-luft-wasser-aussen.html"
"Buderus","SI 6TU","134","191","A+++","A++","earth-water","","","6.1","","","","","","4.7","2.8","no","","","46","R410A","85","65","57","","","","CH-HP-00356","https://www.buderus.com"
"Buderus","WLW196i.2-14kW AR","142","191","A+++","A++","air-water","","14.4","","","","4.04","2.55","1.92","","","yes","","53","41","R410A","","","","170","112","55","CH-HP-00665","https://www.buderus.com"
"Buderus","WPS 48.2 HT","156","191","A+++","A+++","earth-water","","","47.3","","","","","","4.33","3.07","no","5.04","","54","R410A","162","70","77","","","","CH-HP-00862","https://www.buderus.com"
"CTA AG","Optiheat OH 1-8es","131","191","A+++","A++","earth-water","","","7.7","","","","","","4.5","2.7","no","4.8","","28","R410A","126","53","70","","","","CH-HP-00337","http://www.cta.ch/de-ch/waerme/sole-wasser/1218/?oid=1589&lang=de"
"Hoval AG","Thermalia comfort (17)","140","190","A+++","A++","earth-water","","","17.2","","","","","","4.72","3.01","no","","","46","R410A","122","60","72","","","","CH-HP-00577","http://www.hoval.com"
"CTA AG","Optiheat OH 1-11es","129","190","A+++","A++","earth-water","","","10.6","","","","","","4.7","2.8","no","4.96","","28","R410A","126","53","70","","","","CH-HP-00337","http://www.cta.ch"
"CTA AG","Optiheat OH 1-14es","128","190","A+++","A++","earth-water","","","13.8","","","","","","4.7","2.8","no","4.96","","32","R410A","126","53","70","","","","CH-HP-00337","http://www.cta.ch"
"CTA AG","Optiheat OH 22e DUO HT","131","190","A+++","A++","earth-water","","","20.8","","","","","","4.7","2.9","no","4.95","","35","R410A","124","118","76","","","","CH-HP-00549","http://www.cta.ch"
"Domotec AG","HPSU HT-CU 14-DB","142","190","A+++","A++","air-water","","9.91","","","","4.09","3.06","2.29","","","yes","","54","","R32","190","79","79","101","127","54","011-1WO353 DIN CERTCO","https://domotec.ch/"
"Domotec AG","HPSU HT-CU 16-DB","142","190","A+++","A++","air-water","","11.33","","","","4.09","3.06","2.29","","","yes","","54","","R32","190","79","79","101","127","54","011-1WO358 DIN CERTCO","https://domotec.ch/"
"Domotec AG","HPSU HT-CU 18-DB","142","190","A+++","A++","air-water","","12.74","","","","4.09","3.06","2.29","","","yes","","54","","R32","190","79","79","101","127","54","011-1WO362 DIN CERTCO","https://domotec.ch/"
"Buderus","SIK 6TES","130","190","A+++","A++","earth-water","","","5.9","","","","","","4.7","2.8","no","","","42","R410A","111","65","66","","","","CH-HP-00538","https://www.buderus.com"
"Stiebel Eltron AG","WPF 04","128","189","A++","A++","earth-water","","","4.77","","","","","","4.52","2.72","no","","","43","R410A","132","60","66","","","","CH-HP-00513","https://www.stiebel-eltron.ch"
"Stiebel Eltron AG","WPF 16","134","189","A++","A++","earth-water","","","17.02","","","","","","4.54","2.2","no","","","53","R410A","132","60","66","","","","CH-HP-00513","https://www.stiebel-eltron.ch"
"Swisstherm AG","AWI 8 Dynamic","137","189","A++","A++","air-water","","10","","","","4.12","4.95","3.9","","","yes","","51.8","48","R410A","177","105","77","","","","CH-HP-00837","http://www.swisstherm.ch/de/produkte/waermepumpen/kompakt-luft-wasser-aussen.html"
"Swisstherm AG","AWI 8 Dynamic AC","137","189","A++","A++","air-water","","10","","","","4.12","4.95","3.9","","","yes","","51.8","48","R410A","177","105","77","","","","CH-HP-00837","http://www.swisstherm.ch/de/produkte/waermepumpen/kompakt-luft-wasser-aussen.html"
"CTA AG","Optipro OP 110ed","150","189","A+++","A+++","earth-water","","","111","","","","","","4.6","2.9","no","4.9","","59","R410A","198","126","86","","","","CH-HP-00956","http://www.cta.ch"
"CTA AG","Optipro OP 140ed","150","189","A+++","A+++","earth-water","","","140","","","","","","4.6","2.9","no","4.9","","56","R410A","198","126","86","","","","CH-HP-00956","http://www.cta.ch"
"CTA AG","Optipro OP 160ed","150","189","A+++","A+++","earth-water","","","161","","","","","","4.6","2.9","no","4.9","","56","R410A","198","126","86","","","","CH-HP-00956","http://www.cta.ch"
"CTA AG","Optipro OP 210ed","152","189","A+++","A+++","earth-water","","","206","","","","","","4.7","2.9","no","4.9","","60","R410A","198","126","86","","","","CH-HP-00956","http://www.cta.ch"
"Hoval AG","Thermalia comfort H (10)","140","188","A+++","A++","earth-water","","","9.1","","","","","","4.6","3.15","no","4.9","","45","R134a","122","60","72","","","","CH-HP-00579","http://www.hoval.com"
"CTA AG","Optiheat OH 1-29e","126","188","A+++","A++","earth-water","","","29.1","","","","","","4.7","2.6","no","4.91","","44","R410A","126","53","70","","","","CH-HP-00501","http://www.cta.ch"
"CTA AG","Optiheat OH 1-50e","130","188","A+++","A++","earth-water","","","50","","","","","","4.7","2.8","no","4.91","","55","R410A","124","118","76","","","","CH-HP-00472","http://www.cta.ch"
"CTA AG","Optipro OP 130ed","151","188","A+++","A+++","earth-water","","","127","","","","","","4.6","2.9","no","4.9","","57","R410A","198","126","86","","","","CH-HP-00956","http://www.cta.ch"
"Müba Energietechnik AG","Adapt 0312","137","188","A+++","A++","air-water","","6.56","","","","4.47","3.06","2.44","","","yes","","44","","R452B","70","53","35","140","105","68","CH-HP-00915","Müba Luft Wasser Wärmepumpe, zukunftsorientiert heizen und kühlen (mueba-energietechnik.ch)"
"Buderus","LI 16I-TUR","145","188","A+++","A++","air-water","","6","","","","4.2","3.2","2","","","yes","","53","50","R410A","156","96","76","","","","CH-HP-00941","https://www.buderus.com"
"Zehnder Group","ComfoHeat 5-22 kW","150","188","A+++","A++","earth-water","","","22","","","","","","4.8","2.9","yes","4.7","","46","R410A","106","60","71","","","","CH-HP-01054","https://www.zehndergroup.com"
"Zehnder Group","ComfoHeat 5-22 kW","150","188","A+++","A++","water-water","23","","","6.1","3.6","","","","","","yes","","","46","R410A","106","60","71","","","","CH-HP-01054","https://www.zehndergroup.com"
"CTA AG","Optiheat OH 1-22e","134","188","A+++","A++","earth-water","","","21.5","","","","","","4.5","2.7","no","4.6","","42","R410A","126","53","70","","","","CH-HP-00501","http://www.cta.ch/de-ch/waerme/sole-wasser/1219/?oid=1590&lang=de"
"Vaillant GmbH","flexoTHERM exclusive VWF 197/4","142","187","A+++","A++","earth-water","","","19.6","","","","","","4.5","3.2","no","","","48","R410A","118","60","60","","","","CH-HP-00589","http://www.vaillant.ch"
"Stiebel Eltron AG","WPL 25 AC","144","187","A++","A++","air-water","","8.33","","","","4.17","3.2","2.42","","","yes","","54","","R410A","","","","105","149","59","CH-HP-00465","https://www.stiebel-eltron.ch"
"CTA AG","Optipro OP 230ed","147","187","A+++","A+++","earth-water","","","230","","","","","","4.7","2.9","no","4.8","","60","R410A","198","126","86","","","","CH-HP-00956","http://www.cta.ch"
"CTA AG","Aeroheat AH CN I 9a","160","187","A+++","A++","air-water","","8.2","","","","4.61","3.35","2.13","","","yes","","59","","R290","93","132","51","","","","CH-HP-00822","http://www.cta.ch"
"Domotec AG","HPSU HT-BU 14","140","186","A+++","A++","air-water","","9.91","","","","4.09","3.06","2.29","","","yes","","54","","R32","84","44","39","101","127","54","","https://domotec.ch/"
"Domotec AG","HPSU HT-BU 16","140","186","A+++","A++","air-water","","11.33","","","","4.09","3.06","2.29","","","yes","","54","","R32","84","44","39","101","127","54","","https://domotec.ch/"
"Domotec AG","HPSU HT-BU 18","140","186","A+++","A++","air-water","","12.74","","","","4.09","3.06","2.29","","","yes","","54","","R32","84","44","39","101","127","54","","https://domotec.ch/"
"Stiebel Eltron AG","WPL 20 A","143","185","A++","A++","air-water","","6.83","","","","4","3.3","2.62","","","yes","","54","","R410A","","","","105","149","59","CH-HP-00465","https://www.stiebel-eltron.ch"
"CTA AG","Optiheat OH 1-33e","125","185","A+++","A++","earth-water","","","32.9","","","","","","4.6","2.6","no","4.82","","45","R410A","126","53","70","","","","CH-HP-00501","http://www.cta.ch"
"CTA AG","Optiheat OH 1-65e","128","185","A+++","A++","earth-water","","","64","","","","","","4.7","2.8","no","4.83","","56","R410A","124","118","76","","","","CH-HP-00472","http://www.cta.ch"
"CTA AG","Optipro OP 180ed","145","185","A+++","A+++","earth-water","","","180","","","","","","4.6","2.9","no","4.8","","58","R410A","198","126","86","","","","CH-HP-00956","http://www.cta.ch"
"Stiebel Eltron AG","WPL-A 05 HK 230 Premium","151","185","A+++","A+++","air-water","","2.92","","","","4.6","","2.51","","","yes","","48","","R454C","","","","90","127","59","CH-HP-00925","https://www.stiebel-eltron.ch"
"Buderus","WLW196i.2 6kW IR","141","185","A+++","A++","air-water","","7.6","","","","4.13","2.7","2","","","yes","","36","48","R410A","151","93","47","","","","CH-HP-00666","https://www.buderus.com"
"CTA AG","Optiheat OH 1-6es","128","185","A+++","A++","earth-water","","","5.9","","","","","","4.5","2.6","no","4.67","","24","R410A","126","53","70","","","","CH-HP-00337","http://www.cta.ch/de-ch/waerme/sole-wasser/1218/?oid=1589&lang=de"
"Vaillant GmbH","flexoTHERM exclusive VWF 57/4","131","184","A+++","A++","earth-water","","","5.3","","","","","","4.4","2.9","no","","","41","R410A","118","60","60","","","","CH-HP-00589","http://www.vaillant.ch"
"Vaillant GmbH","versoTHERM VWL 57/5","133","183","A+++","A++","air-water","","3.3","","","","4","2.7","2","","","yes","4.6","52","49","R410A","190","80","75","","","","CH-HP-00814","http://www.vaillant.com"
"CTA AG","Optiheat OH 1-44e","130","183","A+++","A++","earth-water","","","44","","","","","","4.7","2.9","no","4.77","","53","R410A","124","118","76","","","","CH-HP-00472","http://www.cta.ch"
"CTA AG","Optiheat OH 1-72e","129","183","A+++","A++","earth-water","","","72","","","","","","4.6","2.9","no","4.77","","57","R410A","124","118","76","","","","CH-HP-00472","http://www.cta.ch"
"Stiebel Eltron AG","WPL 25 A","187","182","A++","A++","air-water","","8.33","","","","4.17","3.2","2.42","","","yes","","54","","R410A","","","","105","149","59","CH-HP-00465","https://www.stiebel-eltron.ch"
"Vaillant GmbH","aroTHERM plus VWL 125/6","133","182","A+++","A++","air-water","","5.9","","","","4.6","3.1","1.9","","","yes","4.9","59","","R290","","","","157","110","45","CH-HP-00880","http://www.vaillant.com"
"Ochsner Wärmepumpen GmbH","OCHSNER AIR 18","133","182","A+++","A++","air-water","","13.2","","","","4.4","3.36","2.3","","","no","","54","47","R407C","129","60","68","110","129","96","CH-HP-00606","https://www.ochsner.com"
"CTA AG","Optiheat OH 1-5es","128","182","A+++","A++","earth-water","","","5","","","","","","4.5","2.7","no","4.59","","24","R410A","126","53","70","","","","CH-HP-00337","http://www.cta.ch/de-ch/waerme/sole-wasser/1218/?oid=1589&lang=de"
"CTA AG","Optiheat OH 34e DUO HT","127","182","A+++","A++","earth-water","","","35","","","","","","4.5","2.9","no","4.75","","42","R410A","124","118","76","","","","CH-HP-00549","http://www.cta.ch/de-ch/waerme/sole-wasser/1220/?oid=1591&lang=de"
"Stiebel Eltron AG","WPL 19 - I","144","181","A++","A++","air-water","","7.41","","","","4.12","3.3","2.49","","","yes","","","48","R410A","118","80","124","","","","CH-HP-00667","https://www.stiebel-eltron.ch"
"Stiebel Eltron AG","WPL 19 - A","144","181","A++","A++","air-water","","7.41","","","","4.12","3.3","2.49","","","yes","","59","","R410A","","","","143","124","128","CH-HP-00667","https://www.stiebel-eltron.ch"
"Vaillant GmbH","aroTHERM plus VWL 75/6","131","181","A+++","A++","air-water","","3.1","","","","4.1","3.1","2","","","yes","4.6","55","","R290","","","","77","110","45","CH-HP-00880","http://www.vaillant.com"
"CTA AG","Optiheat OH 1-25e","124","181","A+++","A++","earth-water","","","24.6","","","","","","4.6","2.6","no","4.72","","44","R410A","126","53","70","","","","CH-HP-00501","http://www.cta.ch"
"Hoval AG","Belaria comfort ICM (8)","130","181","A+++","A++","air-water","","3.9","","","","4.3","3.1","2","","","yes","","44","44","R410A","183","91","78","","","","CH-HP-00805","http://www.hoval.com"
"Ochsner Wärmepumpen GmbH","TERRA 27","133","181","A+++","A++","earth-water","","","24.45","","","","","","4.4","2.84","no","4.72","","52","R410A","129","60","68","","","","CH-HP-00843","https://www.ochsner.com"
"Stiebel Eltron AG","WPL 24 - I","139","180","A++","A++","air-water","","9.04","","","","4","3.19","2.34","","","yes","","","49","R410A","118","80","124","","","","CH-HP-00667","https://www.stiebel-eltron.ch"
"Stiebel Eltron AG","WPL 24 - A","139","180","A++","A++","air-water","","9.04","","","","4","3.19","2.34","","","yes","","59","","R410A","","","","143","124","128","CH-HP-00667","https://www.stiebel-eltron.ch"
"Vaillant GmbH","aroTHERM VWL 35/5 AS","128","180","A+++","A++","air-water","","2.5","","","","3.8","2.6","1.9","","","no","4.7","53","41","R410A","","","","77","110","45","CH-HP-00787","http://www.vaillant.com"
"Hoval AG","Belaria comfort ICM (13)","136","180","A+++","A++","air-water","","7.1","","","","4.1","2.9","2","","","yes","","51","42","R410A","183","91","78","","","","CH-HP-00805","http://www.hoval.com"
"CTA AG","Aeroheat Inverta AH CI 8is","135","180","A+++","A++","air-water","","4.3","","","","4.1","2.7","2","","","yes","","40","55","R410A","188","85","82","","","","CH-HP-00806","http://www.cta.ch"
"CTA AG","Aeroheat Inverta AH CI 8i","135","180","A+++","A++","air-water","","4.3","","","","4.1","2.7","2","","","yes","","40","55","R410A","142","85","82","","","","CH-HP-00792","http://www.cta.ch"
"CTA AG","Aeroheat Inverta AH CI 8a","135","180","A+++","A++","air-water","","4.3","","","","4.1","2.7","2","","","yes","","52","","R410A","","","","148","85","74","CH-HP-00792","http://www.cta.ch"
"SOLTOP Energie AG","WPL 412","143","180","A+++","A++","air-water","","11.82","","","","3.76","2.98","2.19","","","yes","","47","45","R410A","130","60","65","106","79","109","CH-HP-00804","https://www.soltop-energie.ch/waermepumpen/"
"SOLTOP Energie AG","WPLK 618","150","180","A+++","A+++","air-water","","17.2","","","","3.75","2.96","2.22","","","yes","","50","","R452b","","","","121","175","63","CH-HP-00844","https://www.soltop-energie.ch/waermepumpen/"
"CTA AG","Aeroheat Inverta AH SCI 25a","137","180","A+++","A++","air-water","","12.1","","","","4.1","2.6","1.9","","","yes","","49","","R32","181","76","70","130","255","90","LW-488-20-29","http://www.cta.ch"
"Vaillant GmbH","geoTHERM perform VWS 260/3","133","180","A+++","A++","earth-water","","","24.5","","","","","","4.4","2.8","no","","","60","R410 A","129","60","68","","","","CH-HP-00997","http://www.vaillant.com"
"SOLTOP Energie AG","WPL 618","141","179","A+++","A++","air-water","","17.23","","","","3.68","2.89","2.17","","","yes","","46","46","R410A","130","60","65","133","81","128","CH-HP-00804","https://www.soltop-energie.ch/waermepumpen/"
"Hoval AG","Thermalia comfort H (7)","134","179","A+++","A+++","earth-water","","","6.5","","","","","","4.5","3.1","no","4.7","","45","R134a","149","60","75","","","","CH-HP-00580","http://www.hoval.com"
"Domotec AG","HPSU CU 308/08-P","130","179","A+++","A++","air-water","","7.22","","","","3.34","2.5","1.57","","","yes","","62","","R32","195","62","60","74","96","39","CH-HP-00841","https://domotec.ch/"
"Domotec AG","HPSU CU 508/08-P","130","179","A+++","A++","air-water","","7.22","","","","3.34","2.5","1.57","","","yes","","62","","R32","195","79","79","74","96","39","CH-HP-00841","https://domotec.ch/"
"Domotec AG","HPSU BU 08","130","179","A+++","A++","air-water","","7.22","","","","3.34","2.5","1.57","","","yes","","62","","R32","84","44","39","74","96","39","","https://domotec.ch/"
"Buderus","LA 18S-TU","128","179","A+++","A++","air-water","","12.3","","","","3.8","3.3","2.1","","","no","","54","","R410A","165","91","75","","","","CH-HP-00598","https://www.buderus.com"
"Buderus","WLW196i.2 11kW IR","127","179","A+++","A++","air-water","","13.1","","","","4.1","2.6","1.9","","","yes","","37","50","R410A","181","112","54","","","","CH-HP-00666","https://www.buderus.com"
"Buderus","WLW196i.2-11kW AR","140","179","A+++","A++","air-water","","11.7","","","","3.64","2.63","2","","","yes","","53","41","R410A","","","","170","112","55","CH-HP-00665","https://www.buderus.com"
"Stiebel Eltron AG","WPL 09 ICS classic","130","178","A++","A++","air-water","","2.64","","","","3.83","2.64","2.15","","","yes","","","32","R410A","138","87","87","","","","CH-HP-00807","https://www.stiebel-eltron.ch"
"Vaillant GmbH","aroTHERM VWL 105/5 AS","127","178","A+++","A++","air-water","","8.3","","","","3.9","2.8","2","","","yes","4.6","60","45","R410A","","","","157","110","45","CH-HP-00812","http://www.vaillant.com"
"CTA AG","Optiheat OH 1-85e","128","178","A+++","A++","earth-water","","","85","","","","","","4.6","2.9","no","4.64","","58","R410A","124","118","76","","","","CH-HP-00472","http://www.cta.ch"
"Hoval AG","UltraSource B comfort C (11)","135","176","A+++","A++","air-water","","5.9","","","","4.4","3.1","2.2","","","yes","","50","46","R410A","125","62","77","120","109","75","CH-HP-00795","http://www.hoval.com"
"Hoval AG","UltraSource B compact C (11/200)","135","176","A+++","A++","air-water","","5.9","","","","4.4","3.1","2.2","","","yes","","50","46","R410A","195","60","77","120","109","75","CH-HP-00795","http://www.hoval.com"
"Domotec AG","HPSU CU 304/04-P","127","176","A+++","A++","air-water","","5.46","","","","3.66","2.82","1.32","","","yes","","58","","R32","195","62","60","74","96","39","CH-HP-00841","https://domotec.ch/"
"Domotec AG","HPSU CU 308/06-P","127","176","A+++","A++","air-water","","6.17","","","","3.55","2.8","1.39","","","yes","","60","","R32","195","62","60","74","96","39","CH-HP-00841","https://domotec.ch/"
"Domotec AG","HPSU CU 504/04-P","127","176","A+++","A++","air-water","","5.46","","","","3.66","2.82","1.32","","","yes","","58","","R32","195","79","79","74","96","39","CH-HP-00841","https://domotec.ch/"
"Domotec AG","HPSU CU 508/06-P","127","176","A+++","A++","air-water","","6.17","","","","3.55","2.8","1.39","","","yes","","60","","R32","195","79","79","74","96","39","CH-HP-00841","https://domotec.ch/"
"Domotec AG","HPSU BU 04","127","176","A+++","A++","air-water","","5.46","","","","3.66","2.82","1.32","","","yes","","58","","R32","84","44","39","74","96","39","","https://domotec.ch/"
"Domotec AG","HPSU BU 06","127","176","A+++","A++","air-water","","6.17","","","","3.55","2.8","1.39","","","yes","","60","","R32","84","44","39","74","96","39","","https://domotec.ch/"
"Buderus","LIK 12TU","127","176","A++","A++","air-water","","9.4","","","","4.2","3.2","2.2","","","no","","53","50","R410A","195","96","78","","","","CH-HP-00290","https://www.buderus.com"
"Buderus","WLW196i.2 8kW IR","139","176","A+++","A++","air-water","","10.7","","","","4.2","2.6","2.1","","","yes","","36","48","R410A","151","93","47","","","","CH-HP-00666","https://www.buderus.com"
"Stiebel Eltron AG","WPL 09 IKCS classic","128","175","A++","A++","air-water","","2.62","","","","3.76","2.64","2.11","","","yes","","","32","R410A","189","89","83","","","","CH-HP-00807","https://www.stiebel-eltron.ch"
"Ochsner Wärmepumpen GmbH","OCHSNER AIR HAWK 208","140","175","A+++","A++","air-water","","2.49","","","","4.22","3.1","","","","yes","","45","43","R513A","129","60","68","126","129","97","CH-HP-00872","https://www.ochsner.com"
"Stiebel Eltron AG","WPL-S 18 HK 400 Premium","138","174","A++","A++","air-water","","21.8","","","","4.2","3.4","2.47","","","no","","58","56","R407C","115","60","65","108","222","96","CH-HP-00655","https://www.stiebel-eltron.ch"
"CTA AG","Aeroheat Inverta AH CI 12is","132","174","A++","A++","air-water","","6.5","","","","3.9","2.6","1.8","","","yes","","44","55","R410A","188","85","82","","","","CH-HP-00792","http://www.cta.ch"
"CTA AG","Aeroheat Inverta AH CI 12i","132","174","A++","A++","air-water","","6.5","","","","3.9","2.6","1.8","","","yes","","44","55","R410A","142","85","82","","","","CH-HP-00792","http://www.cta.ch"
"CTA AG","Aeroheat Inverta AH CI 12a","132","174","A++","A++","air-water","","6.5","","","","3.9","2.6","1.8","","","yes","","53","","R410A","","","","148","85","74","CH-HP-00792","http://www.cta.ch"
"Vaillant GmbH","flexoTHERM exclusive VWF 157/4","131","173","A+++","A++","air-water","","13.9","","","","4.1","3.3","2.3","","","no","","53","48","R410A","118","60","60","126","79","120","CH-HP-00591","http://www.vaillant.com"
"Vaillant GmbH","aroTHERM VWL 125/5 AS","131","173","A+++","A++","air-water","","8.3","","","","3.7","2.8","2","","","yes","4.5","60","45","R410A","","","","157","110","45","CH-HP-00812","http://www.vaillant.com"
"Vaillant GmbH","aroTHERM VWL 55/5 AS","134","172","A+++","A++","air-water","","3.5","","","","3.8","2.7","2","","","no","4.5","54","41","R410A","","","","77","110","45","CH-HP-00787","http://www.vaillant.com"
"Buderus","LA 9S-TU","125","172","A++","A++","air-water","","7.2","","","","4.2","3.1","2.1","","","no","","53","","R410A","165","91","75","","","","CH-HP-00598","https://www.buderus.com"
"Vaillant GmbH","aroTHERM VWL 75/5 AS","131","171","A+++","A++","air-water","","4.6","","","","3.8","2.7","2","","","yes","4.5","54","43","R410A","","","","97","110","45","CH-HP-00787","http://www.vaillant.com"
"Ochsner Wärmepumpen GmbH","OCHSNER AIR 23","133","171","A++","A++","air-water","","17.2","","","","4.2","3.38","2.45","","","no","","54","49","R407C","129","60","68","100","222","96","CH-HP-00606","https://www.ochsner.com"
"Vaillant GmbH","flexoTHERM exclusive VWF 57/4","128","170","A++","A++","air-water","","5.6","","","","4.1","3.1","2.3","","","no","","43","42","R410A","118","60","60","126","79","120","CH-HP-00591","http://www.vaillant.com"
"Stiebel Eltron AG","WPL-S 25 HK 400 Premium","136","170","A++","A++","air-water","","30.3","","","","4.1","3.47","2.4","","","no","","61","56","R407C","115","60","65","108","222","96","CH-HP-00655","https://www.stiebel-eltron.ch"
"Vaillant GmbH","geoTHERM perform VWS 780/3","126","170","A++","A++","earth-water","","","77.5","","","","","","4.4","2.8","no","","","60","R410 A","189","68","70","","","","CH-HP-00998","http://www.vaillant.com"
"Stiebel Eltron AG","WPL 17 ICS classic","129","167","A++","A++","air-water","","5.02","","","","3.83","2.58","1.99","","","yes","","","48","R410A","138","87","87","","","","CH-HP-00807","https://www.stiebel-eltron.ch"
"Buderus","LA12S-TU","125","167","A++","A++","air-water","","9.5","","","","4","3","1.88","","","no","","54","","R410A","165","91","75","","","","CH-HP-00598","https://www.buderus.com"
"Vaillant GmbH","flexoTHERM exclusive VWF 87/4","129","165","A++","A++","air-water","","7.8","","","","3.9","3.2","2.3","","","no","","51","43","R410A","118","60","60","126","79","120","CH-HP-00591","http://www.vaillant.com"
"Vaillant GmbH","versoTHERM VWL 77/5","130","165","A+++","A++","air-water","","4.1","","","","4","2.6","2","","","yes","4.2","48","47","R410A","190","80","75","","","","CH-HP-00814","http://www.vaillant.com"
"CTA AG","Aeroheat Inverta AH CI 1-16a","133","165","A++","A++","air-water","","8.1","","","","4.2","3.31","2.41","","","yes","","60","","R410A","","","","178","163","105","CH-HP-00581","http://www.cta.ch"
"CTA AG","Aeroheat Inverta AH CI 1-16i","133","165","A++","A++","air-water","","8.1","","","","4.2","3.31","2.41","","","yes","","60","57","R410A","178","92","112","","","","CH-HP-00581","http://www.cta.ch"
"CTA AG","Aeroheat Inverta AH CI 1-16i-L","133","165","A++","A++","air-water","","8.1","","","","4.2","3.31","2.41","","","yes","","60","57","R410A","178","92","112","","","","CH-HP-00581","http://www.cta.ch"
"CTA AG","Aeroheat AH CN 5a","125","163","A++","A++","air-water","","5.6","","","","3.8","3.1","1.9","","","no","","57","44","R290","93","132","51","","","","CH-HP-00309","http://www.cta.ch"
"Ochsner Wärmepumpen GmbH","OCHSNER AIR 11","126","163","A++","A++","air-water","","8.8","","","","4","2.91","2.5","","","no","","50","44","R407C","129","60","68","110","129","96","CH-HP-00606","https://www.ochsner.com"
"Vaillant GmbH","flexoTHERM exclusive VWF 117/4","124","162","A++","A++","air-water","","10.3","","","","3.9","3.2","2.2","","","no","","56","46","R410A","118","60","60","126","79","120","CH-HP-00591","http://www.vaillant.com"
"Stiebel Eltron AG","WPL 17 IKCS classic","126","162","A++","A++","air-water","","4.95","","","","3.7","2.51","1.94","","","yes","","","44","R410A","189","89","83","","","","CH-HP-00807","https://www.stiebel-eltron.ch"
"Stiebel Eltron AG","WPL 15 ACS","127","159","A++","A++","air-water","","4.23","","","","3.88","2.7","2.1","","","yes","","50","","R410A","","","","90","127","59","CH-HP-00465","https://www.stiebel-eltron.ch"
"Vaillant GmbH","flexoTHERM exclusive VWF 197/4","126","158","A++","A++","air-water","","17.4","","","","3.7","3.2","2.3","","","no","","56","46","R410A","118","60","60","126","79","120","CH-HP-00591","http://www.vaillant.com"
"CTA AG","Aeroheat CS 1-14i","126","158","A++","A++","air-water","","13.8","","","","3.7","3.5","2","","","no","","56","58","R407C","178","910","110","","","","CH-HP-00159","http://www.cta.ch"
"CTA AG","Aeroheat CS 1-14a","126","158","A++","A++","air-water","","13.8","","","","3.7","3.2","2","","","no","","58","","R407C","178","163","105","","","","CH-HP-00158","http://www.cta.ch"
"CTA AG","Aeroheat AH CN 7a","127","158","A++","A++","air-water","","7.7","","","","3.8","3.1","1.9","","","no","","57","44","R290","93","132","51","","","","CH-HP-00309","http://www.cta.ch"
"Buderus","LA 35TBS","125","152","A++","A++","air-water","","23.7","","","","3.4","3.1","2.3","","","no","","61","","R407C","182","107","77","","","","CH-HP-00944","https://www.buderus.com"
"CTA AG","Aeroheat AH CN 9a","126","150","A++","A++","air-water","","9","","","","3.6","3.1","1.9","","","no","","62","44","R290","93","132","51","","","","CH-HP-00309","http://www.cta.ch"
